section,title,url,text
General,Getting to Know Your Workouts Dashboard,https://help.macrofactorapp.com/en/articles/275-getting-to-know-your-workouts-dashboard,"The Workouts dashboard gives you an overview of your training activity and progress. It is designed to help you visualize what you’ve completed in your training and let you dive deeper into specifics on muscle groups, exercises, and workouts.

The dashboard is divided into several sections. Each section includes widgets that summarize different types of information you can use to inform your training decisions.

## Weekly Workouts

The Weekly Workouts widget appears at the top of the dashboard and provides a snapshot of your current training cycle.

![](https://staticfiles.gleap.io/gattachments/5AEHsXla0T5r748odC8pygDpE2rZ2X0LuHMmSWelbaI1Vh9K6ZMEwYSby1LTQKE9vme68NP4Q5G.png)

This section shows how much training you’ve completed in three areas:

* **Muscles**: [Muscle groups](https://help.macrofactorapp.com/en/articles/280-muscle-groups) you have trained and how they relate to your weekly targets.
* **Sets**: How many sets you have completed in relation to your weekly targets.
* **Exercises**: How many exercises you have performed in relation to your weekly targets.

Your rings will fill as you log your training, giving you an immediate view of your current progress.

You can also toggle between your current and previous cycles to compare progress.

Lastly, if you swipe left within this widget, you can view your recent records for volume, reps, and estimated 1-RM.

## Recent Records

The Recent Records section shows your recent performances across training sessions in multiple record types.

![](https://staticfiles.gleap.io/gattachments/495FYBcuwC0qCs7K3lsNMuG7zUiWOhRRNB15FxfWozst9DkDf2qT3gvCXvz3ttlydlNlchwvBQL.png)

You can toggle between three record types:

* **Volume**: Total training volume for each exercise
* **Reps**: Highest recent repetition counts
* **Estimated 1-RM**: Recent estimated one-repetition maximum based on logged sets

This does not replace detailed [exercise history](https://help.macrofactorapp.com/en/collections/20-macrofactor-workouts#:~:text=Muscle%20Groups-,Exercises%20Overview,-Track%20Your%20Period) or trained muscle groups, which are available elsewhere in the app.

## Insights & Analytics

The next section of the dashboard is the Insights & Analytics section. The widgets in this section display interpreted training information. You can tap on these widgets to view insights that help you better understand your training. 

![](https://staticfiles.gleap.io/gattachments/2KIkhQJSZfd1SswY2hKbTPEtc6hbDyy2bBC0DvrX0mooVz1VoW4BAqUGiLojJPpkUexFkGCz57n.png)

### Workouts

The [Workouts](https://help.macrofactorapp.com/en/collections/24-workout-logging) widget shows how your sets and volume have changed over time. You can view this data across different time ranges, from a single week to your full training history.

You also get a separation of training volume from external load, bodyweight, or a mix of both. This can make it easier to interpret workload trends, especially if your training includes a lot of bodyweight movements.

Lastly, this section highlights the exercises that contributed the most total volume over the selected period. Each entry shows the exercise name and the total volume accumulated, and tapping an exercise opens its detailed history.

### Weight Trend

The Weight Trend screen helps you understand how your weight is changing over time while cutting through the noise of daily weight fluctuations. You can read more about your weight trend [here](https://help.macrofactorapp.com/en/articles/278-weight-trend).

## Habits

The Habits section shows your consistency with workouts and weigh-ins over time. When you tap this widget, you can view a calendar-style history that highlights completed workouts, streaks, and recent activity. You can select any day to log your weight or mark that you worked out that day. Note that while you can log a workout from this view, you still need to enter the workout details in your workout program or as an additional workout in the workout section of the app if you want it to contribute to your workout analytics. 

## Body Metrics

The [Body Metrics](https://help.macrofactorapp.com/en/collections/27-body-metrics-and-progress-photos) widget allows you to track, monitor, and visualize changes to scale weight, 24 different body measurements, and progress photos from three different angles. You can read more about body metric and progress photo tracking here.

## Muscle Groups

The Muscle Groups section organizes your training data by muscle group rather than by workout or exercise. Each tile shows how many sets or how much volume each muscle group received over the selected time span. This makes it easier to see, at a glance, which muscle groups you train most often and which may be getting overlooked. Over time, this view helps highlight gaps in training coverage and can help you maintain better balance within your training programs.

![](https://staticfiles.gleap.io/gattachments/5LBTULYHYynWcXlojrAmyI3YjHhPXpKRPEW08VFmuO1BNOwI9wLS1N5eLMLrnSs7u4yObK8WkL7.png)

## Exercises

The [Exercises](https://help.macrofactorapp.com/en/collections/25-exercises) section organizes your training data via individual exercises (rather than by workout or muscle group). Each exercise tile shows your recent load, along with a trend line based on your last several workouts.

When you tap an exercise, you can also view several performance metrics, such as total volume, heaviest weight, or total reps. You can also change the time range from short- to long-term trends. Over time, this can help you see whether an exercise is progressing or losing momentum without needing to examine individual workouts.

![](https://staticfiles.gleap.io/gattachments/UBCiGiYRFS11GMOwxgDaGZBxxYDC6bLYJNNrcRYAaMcUGjJhAHN5SzYmJ3fNF6wPckvUkpvslbK.png)

## Steps

The Steps section shows your daily step count over time as pulled from your integrated data source. You can switch between different time ranges along with your average steps for the selected period.

## Period

The Period widget tracks cycle history in a calendar-style view. This makes it easy to see when data was last logged and how your cycle may relate to your training.

## Customize Dashboard

At the bottom of the dashboard, you can customize how your dashboard appears. Tapping Customize Dashboard lets you choose which sections to show or hide. You can adjust the layout to fit what you want to see most often or arrange the order you see it. You can read more about dashboard customization [here](https://help.macrofactorapp.com/en/articles/283-how-to-customize-your-dashboard).

![](https://staticfiles.gleap.io/gattachments/7YtKA9utdnKpyELdSuIf2IiHcvyOgyofSq5Fci51k6tJL4nWN5IIbnWI1lGwpgCQCGRyfacfwiR.png)

## Read next:

Now that you’ve learned about your dashboard, you might enjoy one of these articles next:

[How to Customize Your Dashboard](https://help.macrofactorapp.com/en/articles/283-how-to-customize-your-dashboard)  
[Create a New Program via Smart Generation](https://help.macrofactorapp.com/en/articles/285-create-a-new-program-via-smart-generation)   
[Create a New Program via Build From Scratch](https://help.macrofactorapp.com/en/articles/286-create-a-new-program-via-build-from-scratch)"
General,Understanding the Widgets at the Top of the Workouts Dashboard,https://help.macrofactorapp.com/en/articles/276-understanding-the-widgets-at-the-top-of-the-workouts-dashboard,"The top section of your Workouts dashboard displays your weekly training progress and recent performance for both your current and previous cycles.

This section is made up of two widgets:

**Weekly Workouts**: Shows how your training is progressing toward your weekly targets.  
**Recent Records**: Highlights your recent numbers for volume, reps, and estimated 1-RM.

These widgets help you see whether you are on track for the current week as well as total volume or reps. 

## Weekly Workouts

The Weekly Workouts widget appears at the top of the dashboard and provides a snapshot of your current training cycle.

![](https://staticfiles.gleap.io/gattachments/uBcaEkWo7ogBCqj6MmcAeA4KllxLUSnukp2tvTbFZERjJtjrFPNjabgngb5lT8ud45tMji8Tchs.png)

This section shows how much training you’ve completed in three areas:

* **Muscles**: Muscle groups you have trained and how they relate to your weekly targets.
* **Sets**: How many sets you have completed in relation to your weekly targets.
* **Exercises**: How many exercises you have performed in relation to your weekly targets.

Each ring fills as you log training. The number inside the ring shows how much you have completed so far, and the number below the ring shows the total weekly target for that category. When the ring is full, you have reached that target for the week.

You can toggle between **All Workouts and Active Program** to compare your progress against your weekly targets. **Active Program** reflects the workouts and targets from your currently active plan, while **All Workouts** includes everything you’ve logged. This makes it easier to track progress and see how close you are to completing your planned training for the week.

## Recent Records

The Recent Records section shows your recent performances across training sessions in multiple record types.

![](https://staticfiles.gleap.io/gattachments/xOZ7G2nTWr0PAl6XRh0C3U4F83qIo7zeBF0PEbaFZgGFSyw7xOVVtRAnzMVfC3yPCHyw2p0InYY.png)

You can toggle between three record types:

* **Volume**: Total training volume for each exercise.
* **Reps**: Highest recent repetition counts.
* **Estimated 1-RM**: Recent estimated one-repetition maximum based on logged sets.

These records update when you log workouts and are based on your recent training history within the selected cycle.

There are a few goals of this widget. First, it gives you insight into how your training performance is trending, such as changes in volume, reps, or strength estimates. Second, it reminds you of the work you are putting in by highlighting recent performance stats.

Together, these widgets give you a snapshot of your current progress without needing to deep dive into individual [muscle groups](https://help.macrofactorapp.com/en/articles/280-muscle-groups) or [exercises](https://help.macrofactorapp.com/en/articles/281-exercises-overview). 

## Read next:

Now that you’ve learned about the widgets at the top of your dashboard, you might enjoy one of these articles next:

[How to Customize Your Dashboard](https://help.macrofactorapp.com/en/articles/283-how-to-customize-your-dashboard)  
[Create a New Program via Smart Generation](https://help.macrofactorapp.com/en/articles/285-create-a-new-program-via-smart-generation)   
[Create a New Program via Build From Scratch](https://help.macrofactorapp.com/en/articles/286-create-a-new-program-via-build-from-scratch)"
General,Workout Insights & Analytics,https://help.macrofactorapp.com/en/articles/277-workout-insights-and-analytics,"The Workouts tile under “Insights & Analytics” shows you what your training looks like when you zoom out. This section of the app helps you see how sets, volume, and exercise selection accumulate over time.

![](https://staticfiles.gleap.io/gattachments/ww9pvZU5zu2nO4Tm446zyGfhbyrMzq0AzD07TmsLBSdRRTTPY4n7pstGVM3msmGVQgjHX6rYXjX.png)

## Sets over time

The Sets view shows how many exercise sets you complete over time. This includes total sets per session as well as how those sets accumulate across the selected time range.

Examining your sets over time helps you understand how much training you are actually doing, independent of load. Since sets are a major contributor to training stimulus, this view helps put changes in progress into context. For example, if progress has stalled, this view can help you see whether that period lines up with a drop in total sets or training frequency.

Below the chart, you’ll also see your top exercises by sets for the selected time range. You can tap those exercises to view more detailed breakdowns of your load over time.

![](https://staticfiles.gleap.io/gattachments/wTOhBFSiEjj1HfFC9sfxo7qlvV11rCzDcBO07nkZOwzSYhjfnEfiL3bW9IMNiKDZYl8CLlzlicN.png)

## Volume over time

The Volume view shows how your total training volume changes over time and reflects the overall amount of work you are performing.

![](https://staticfiles.gleap.io/gattachments/szbJHCMxbmPLJhKYPNAHBOW8oRa2JOvLRwg9prHDJ8Rfe7x4PGPi2G8ymgWFrB8tD1CTuTj9ij0.png)

Unlike the Sets view, which treats all sets equally, the Volume view accounts for how heavy those sets are. This makes it useful for understanding changes in workload when training intensity, exercise selection, or loading strategies shift.

The chart also separates volume into two types: resistance-based volume and bodyweight volume. Resistance-based volume reflects work performed with external load, such as barbells, dumbbells, or machines. Bodyweight volume reflects work where your body is the primary load, such as pull-ups, push-ups, or dips.

For context, this can help you identify shifts in training. For example, increasing the number of bodyweight movements in your program may reduce resistance-based volume, even if your overall training effort stays the same.

Overall, this data helps you spot trends so you can make more informed decisions about your programming.

## Read next:

Now that you’ve learned about the workout overview, you might enjoy one of these articles next:

[Exercises Overview](https://help.macrofactorapp.com/en/articles/281-exercises-overview)  
[Create a New Workout](https://help.macrofactorapp.com/en/articles/307-create-a-new-workout)  
[Add or Remove Exercise from a Program](https://help.macrofactorapp.com/en/articles/292-add-or-remove-exercises-from-a-program)"
General,Weight Trend (Workouts),https://help.macrofactorapp.com/en/articles/278-weight-trend-workouts,"Your weight trend can help you understand changes in body weight that are less affected by large swings from transient factors such as total body water, gastrointestinal contents, and other short-term fluctuations. Rather than focusing on individual weigh-ins, Weight Trend helps you understand the overall direction your body weight is moving and the rate at which it is changing over time.

For a deeper explanation of how Weight Trend is calculated and how it informs nutrition targets, see [this Nutrition knowledge base article](https://help.macrofactorapp.com/en/articles/21-weight-trend).

## Scale Weight vs. Weight Trend

Weight Trend is different from scale weight. Weight Trend highlights changes in body weight that are less influenced by daily fluctuations related to water, food intake, and other short-term factors.

To view or edit your raw data, you can go to your Habits tile and log or edit any calendar day to reflect your current or previous weights.

## Weigh-in frequency

The Weight Trend algorithm is resilient to gaps in data. However, you will get the best results if you weigh in consistently. We recommend weighing in daily, or at least three times per week, to produce the most accurate trend.

## Weight Trend considerations for training

Changes in body weight can influence training performance and recovery. Looking at [Weight Trend](https://help.macrofactorapp.com/en/articles/278-weight-trend) alongside your workout data can provide insight into how changes in TDEE may be affecting your progression. For example, if your Weight Trend is decreasing, while your sets and volume are also dropping, and this is paired with slower recovery or increased fatigue during sessions, it *could* indicate that you are in a larger Calorie deficit than is appropriate for your training program (or perhaps your goals). 

In short, while Weight Trend does not provide the full picture on its own, it can be a useful indicator that helps inform training or nutrition decisions based on your goals.

## Read next:

Now that you’ve learned about the Weight Trend feature, you might enjoy one of these articles next:

[Log your Weight](https://help.macrofactorapp.com/en/articles/279-log-your-weight)  
[Interaction with MacroFactor Nutrition Data](https://help.macrofactorapp.com/en/articles/381-how-does-macrofactor-workouts-integrate-with-macrofactor-nutrition)  
[Create a New Program via Build From Scratch](https://help.macrofactorapp.com/en/articles/286-create-a-new-program-via-build-from-scratch)"
General,Log Your Weight,https://help.macrofactorapp.com/en/articles/279-log-your-weight,"You can log your weight in three different ways. 

**Option 1**: 

1. Tap the **+** button near the bottom of the screen, tap **Weight**.
2. Select the date and add your scale weight (you can also add your scale body fat estimate, if that information is available to you).
3. Tap **Save** to log your weight.

**Option 2**: 

1. Go to the **Dashboard** tab.
2. Under the **Habits** section, tap **Weigh-In**.
3. Tap on the calendar day you’d like to edit.
4. Enter your weight.
5. Tap **Save** to log your weight.

**Option 3**:

1. Go to the **Dashboard** tab.
2. Under the **Body Metrics** section, tap **Scale Weight**.
3. Tap the **+** button at the top-right corner of the screen.
4. Select the day you’d like to edit by tapping the date element in the top-middle of the editor page.
5. Enter your weight.
6. Tap **Save** to log your weight.

## Read next:

Now that you’ve learned how to log your weight, you might enjoy one of these articles next:

[Weight Trend](https://help.macrofactorapp.com/en/articles/278-weight-trend)  
[Interaction with MacroFactor Nutrition Data](https://help.macrofactorapp.com/en/articles/381-how-does-macrofactor-workouts-integrate-with-macrofactor-nutrition)  
[Create a New Program via Build From Scratch](https://help.macrofactorapp.com/en/articles/286-create-a-new-program-via-build-from-scratch)"
General,Muscle Groups,https://help.macrofactorapp.com/en/articles/280-muscle-groups,"The Muscle Groups section shows how much you are training each muscle group. You can see how many sets you complete and how much total work each muscle group receives over time. This makes it easier to identify whether certain muscle groups may be receiving too much or too little training.

For example, you might see via the data that your biceps receive more volume than you expected, while your quads receive much less. With this information, you can use the Muscle Groups section to make adjustments to your training program if you’re concerned about having a more balanced program.

![](https://staticfiles.gleap.io/gattachments/mXzx0Kif1dPq1JLkSSWqKwMYNZEhIJMAiJN3ZeymWZOZmnjHY5umUErPnVJkvCBYdr7QVZHQu3s.png)

## Sets over time

The Sets view shows how many sets each muscle group receives over time. It includes sets completed in individual workouts as well as the total number of sets accumulated across the selected time range. Since sets are a major contributor to training stimulus, this view helps put changes in progress into context. For example, if progress has stalled, this view can help you see whether that period lines up with a drop in total sets or training frequency.

Below the chart, you can also view individual training sessions for the selected time range.

## Volume over time

The Volume view shows how the total amount of training volume for each muscle group changes over time. This view reflects the overall amount of work a muscle group is performing.

Unlike the Sets view, the Volume view accounts for how heavy those sets are. This makes it useful for understanding changes in workload when training intensity shifts over time.

The chart also separates volume into two types: resistance-based volume and bodyweight volume. Resistance-based volume reflects work performed with external load, such as barbells, dumbbells, or machines. Bodyweight volume reflects work where your body is the primary load, such as pull-ups, push-ups, or dips. In this context, separating volume types could, for example, help explain why a muscle group’s workload changes even when total sets stay the same.

Overall, this data helps you spot trends so you can make more informed decisions about your training over time.

## Read next:

Now that you’ve learned about muscle groups, you might enjoy one of these articles next:

[Exercise Overview](https://help.macrofactorapp.com/en/articles/281-exercises-overview)  
[Add or Remove Exercises to a Program](https://help.macrofactorapp.com/en/articles/292-add-or-remove-exercises-from-a-program)  
[Understanding Levels](https://help.macrofactorapp.com/en/articles/342-understanding-levels)"
General,Exercises Overview,https://help.macrofactorapp.com/en/articles/281-exercises-overview,"The Exercises section lets you see how individual lifts are progressing over time. Instead of looking at overall workouts or muscle groups, this view focuses on the details of each exercise you perform as well as giving you smart estimations regarding maximal reps and stats on reps, weight, and volume.

![](https://staticfiles.gleap.io/gattachments/7MQm1yiDz5XWVSwX0Pth02UHtjrYVUJOmFoZhRUl7ICtelzbd8bENiZvQbfMK7gdfmu1zWv7L5k.png)

When you tap into an exercise, you can view several different performance and work metrics.

Available views include:

* **1-RM, 3-RM, and 10-RM estimates:** Tracks changes in your estimated strength at different rep ranges.
* **Total volume:** Total amount of weight for that exercise over varying time periods.
* **Best set volume:** Your highest single-set volume you've recorded.
* **Heaviest weight:** Your maximum load for that exercise.
* **Total reps:** Total number of reps you’ve completed over varying time periods.
* **Total sets:** All the sets you have performed to date.

In each of these views you can adjust the time range to see short or longer time periods as well as monthly recaps.

## Read next:

Now that you’ve learned about the exercise overview, you might enjoy one of these articles next:

[Create a New Program via Build From Scratch](https://help.macrofactorapp.com/en/articles/286-create-a-new-program-via-build-from-scratch)  
[Add or Remove Exercises to a Program](https://help.macrofactorapp.com/en/articles/292-add-or-remove-exercises-from-a-program)  
[Setting RIR for All Exercises in Program](https://help.macrofactorapp.com/en/articles/293-setting-rir-for-exercises-in-a-program)"
General,Track Your Period,https://help.macrofactorapp.com/en/articles/282-track-your-period,"1. On the main dashboard, scroll down and tap **Period** (under the General header near the bottom of the page).
2. Tap the day you'd like to edit.
3. Use the toggle beside **Are you on your period?** to indicate that you were on your period during the day you’re editing.
4. Tap **Save**.

You can enable or disable the ability to track your period by tapping **More** > **Data Visibility** > **Period Visibility**, and then toggling **Period Tracking** on or off.

## Read next:

Now that you’ve learned about tracking a period, you might enjoy one of these articles next:

[Log Your Weight](https://help.macrofactorapp.com/en/articles/279-log-your-weight)  
[Workout Overview](https://Workout Insights & Analytics)  
[How to Log Body Measurements](https://help.macrofactorapp.com/en/articles/345-how-to-log-body-measurements)"
General,How to Customize your Workouts Dashboard,https://help.macrofactorapp.com/en/articles/283-how-to-customize-your-workouts-dashboard,"Here, you can ensure your Dashboard displays the data you want to see first when you open the app.

![](https://staticfiles.gleap.io/gattachments/X7vmwUWBGTOenDs9nbwLEGcgwovmmES9MA6tr5BZe4EDmAbI6nT9P3WpwabNZxn3LyGyrFMf18y.png)

**To Customize Your Dashboard**

1. Go to the **More** tab.
2. Under **Feature Settings**, tap **Dashboard**.
3. Use the up and down arrows to move tiles to your preferred location.
4. Tap **Save** in the top-right corner to save your changes.

**Add or Remove Widgets**

1. In the **Customize Dashboard** menu, tap **Add or** **Remove Insights** under each section.
2. Toggle on or off the details you want displayed in your dashboard tiles.
3. Tap **X** or **Done** to go back
4. Tap **Save** in the top-right corner to save your changes.

You can also swipe left on a widget and tap the remove icon to remove it. To return to the original layout, tap **Reset to Original App Defaults** at the bottom of the screen.

## Read next:

Now that you understand how to customize your dashboard, you might enjoy one of these articles next:

[Customizing Workout Sections](https://help.macrofactorapp.com/en/articles/322-customizing-workout-sections)  
[Editing and Arranging Shortcuts](https://help.macrofactorapp.com/en/articles/365-managing-shortcuts)  
[Editing Gym Profiles](https://help.macrofactorapp.com/en/collections/20-macrofactor-workouts#:~:text=Set%20Up%20Your%20Gym%20Profiles)"
General,How to Import your Step Count into Workouts,https://help.macrofactorapp.com/en/articles/284-how-to-import-your-step-count-into-workouts,"You can add steps to your Dashboard in the following ways:

1. Go to the **Dashboard** tab.
2. Under **General**, tap **Steps**.
3. Tap the **+** button in the top-right corner of the screen.
4. Select the date and enter your step count.
5. Tap **Save** to save your changes.

Alternatively, you can add steps using one of our supported integrations.

You can view your step data over time in the graph on this page and switch between predefined date ranges. Additional history is available below the graph in the section showing past dates.

## Read next:

Now that you understand how to import your step count, you might enjoy one of these articles next:

[Integrations](https://help.macrofactorapp.com/en/articles/354-integrations)  
[Export Your Data](https://help.macrofactorapp.com/en/articles/356-export-your-data)  
[Viewing Exercise Performance Over Time](https://help.macrofactorapp.com/en/articles/344-viewing-exercise-performance-over-time)"
General,Create a New Program via Smart Generation,https://help.macrofactorapp.com/en/articles/285-create-a-new-program-via-smart-generation,"Smart Generation builds a complete training program based on your goals, schedule, available equipment, and preferences. The app uses this information to create a structured program you can use as is or customize and build from.

![](https://staticfiles.gleap.io/gattachments/8GblOL58PkE166WH3jaTRptlxPaHIhDECV3FkqeqEkwhXySPssVdiiHpGKdPZBM6pTUQfKbgWZD.png)

**To create a program using Smart Generation:**

1. Go to the **Workout** tab.
2. Tap the **+** button in the top-right corner, or tap the **+** button in the center of the bottom navigation.
3. Tap **New Program**, then tap **Next**.
4. Select **Use Smart Generation**.

   ![](https://staticfiles.gleap.io/gattachments/SOyJkXZLLnP2mCGlt5a86otyTPFnQQ3v5UjjERFsxo8CKkc4oOrrGveAopyb7Xsxrpgg7Psybxi.png)
5. Select the primary goal of your training.
6. Optional: Assign extra focus to specific muscle groups. You have five total focus points to distribute.
7. Optional: Deprioritize muscle groups you do not want to emphasize during this program. You can deprioritize up to five muscle groups.
8. Select how many days per week you can train using the **+** or **−** buttons.
9. Select how much time you want to spend per training session, in minutes.
10. Select the gym profile you want to use for this program. Later, you can select different gyms for each day of your program, or create additional programs for different gym profiles as needed.

    ![](https://staticfiles.gleap.io/gattachments/ueNnP9HIQGczDgJw0YKgtYQrjAd3jyk0WsvwJdD9uqaZREzeCxmxyFJdY0xXdOpIbjqQ21EPDp8.png)
11. Choose your preferred training structure, such as a full body or upper and lower split.
12. Choose whether to include deload phases and confirm your current lifting experience.
13. Enter a program name, then select an icon and color.
14. The app will generate your program.

![](https://staticfiles.gleap.io/gattachments/ASLRq8zsrjfARpSh4TgCZB5nGDxHJIXV4xAUwKuHhuyxMANEe7IrYadZkWt6gPVccqT2Nks4arz.png)

Review the program details. At the top of the screen, you will see your workout days and rest days. Each workout shows its target muscles and selected exercises.

**Note:** From this screen, you can [add or swap exercises](https://help.macrofactorapp.com/en/articles/332-swap-exercises), [create supersets](https://help.macrofactorapp.com/en/articles/321-supersetting-exercises), [adjust your schedule](https://help.macrofactorapp.com/en/articles/301-change-program-schedule), [change the gym profile](https://help.macrofactorapp.com/en/articles/300-set-up-your-gym-profiles) associated with each workout, and make other changes. You can also do this later at any time.

When finished, select **Save to Library** or **Activate Program**.

## Read next:

Now that you’ve learned how to create a new program via smart generation, you might enjoy one of these articles next:

[Using smart progressions](https://help.macrofactorapp.com/en/articles/305-understanding-and-using-smart-progressions)  
[Swap exercises](https://help.macrofactorapp.com/en/articles/299-swap-exercises)  
[Set up your gym profiles](https://help.macrofactorapp.com/en/articles/300-set-up-your-gym-profiles)"
General,Create a New Program via Build From Scratch,https://help.macrofactorapp.com/en/articles/286-create-a-new-program-via-build-from-scratch,"**Build from scratch** lets you manually create a program with full control over exercise and progression settings.

![](https://staticfiles.gleap.io/gattachments/rJutvm0NxXKk0SI8gWeseY7HKK9iTmR6EIq7zzUkOntQyVAjNJdhKF6k0YGEjfeI3P3aH2mGnSF.png)

1. Go to the **Workout** tab.
2. Tap the **+** button in the top-right corner, or tap the **+** button in the center of the bottom navigation.
3. Tap **New Program**, then tap **Next**.
4. Select **Build from Scratch**.
5. Enter a program name, then select an icon and color.

   ![](https://staticfiles.gleap.io/gattachments/ldPYjmUV52KiKSXt0KiDBgwXnUquMIoNXqliHHowBdxoEnXOUvQ7mhqAIo6lDxilowBWy928riv.png)
6. You will be taken to your program page to begin building the program.

**Note:** Any day without exercises defaults to a rest day. A day becomes a training day only after you add exercises.

## **Adding exercises**

1. Select the workout day you want to edit.
2. Tap **Add Exercises** to the right of the exercise list.

   ![](https://staticfiles.gleap.io/gattachments/nyH52Ef5LSEsqFD6LgKlTZAPhqqlepb3ZeuPYbngdo4svEfHGrKQGywYayJWEELLrAfrZJPksha.png)
3. You will be taken to the exercise database. From here, you can search by exercise name or browse by muscle group, training type, equipment, and other filters.
4. Search for an exercise, then tap the **+** button to add it.

   ![](https://staticfiles.gleap.io/gattachments/4ymaEHMkTetgC8YKxaQr8Mkwke8C4x6porj6TLl7dK3xfJIgI1EUR6kJbMbGIry4X78kaQLvN5i.png)
5. As you add exercises, the bag icon in the top-right corner updates to show how many exercises you have selected.
6. When finished, tap the **bag icon** to review your selections for that workout day.

**Note:** The exercises added here apply only to the current workout. This workout repeats at the same point in each program cycle, for example, as Workout A each week, but it does not carry over to other workouts, such as Workout B. To add exercises for another training day, add a new day and repeat this process, or duplicate the workout.

## **Setting sets, reps, and RIR**

1. Once exercises are added, set the desired sets, rep ranges, and RIR for each exercise.
2. Tap the rectangle below an exercise to edit its settings.

   ![](https://staticfiles.gleap.io/gattachments/5GQQMifwZFRkZc6TjI8cRik159tn0tPZBUSnS9sQmOeBgnbofRs2M04QAAz34JEWtNfq2dvCxLs.png)
3. From this screen, you can adjust sets, rep ranges, RIR, and rest timers.

   ![](https://staticfiles.gleap.io/gattachments/NZyhSslORPv63k8mhd0Ge7cTcl96tgV9zSgUapOqy7EHGf97pO9F7B8xv6bX1mTrA1x7JzWHiVl.png)

Tapping a set number lets you [change the set type](https://help.macrofactorapp.com/en/articles/317-logging-different-types-of-sets), such as standard, drop set, myo set, or failure set. By default, the build from scratch programs start with seven cycles. 

![](https://staticfiles.gleap.io/gattachments/DTJzZ3smicQjegK8gDWvQexXrQPrDnMtQgLyJWVjCSxbV2zNCSa8jIsMHInfRTzJLc579ahBWRQ.png)

## **Adding additional days**

1. To add another day, tap the **Add Day** **+** at the top of the screen.

   ![](https://staticfiles.gleap.io/gattachments/38Nspjex0XtmSorjsLgVfcSe1fECAbsD8TULYnnwK7eBiCR1PMhLD7w3ifjo0YUnlbXzQ4JIEmB.png)
2. Leave the day empty to keep it as a rest day.
3. To make it a training day, add exercises and repeat the setup process.

## **Turning on Periodization**

You can also enable periodization for the entire program, allowing more customized edits to each cycle and a more personalized approach to intensity and volume over the course of your cycles.

4. To enable periodization, tap the settings icon in the top right corner.

   ![](https://staticfiles.gleap.io/gattachments/f1e7sDVMWuiixxZGEAE2iEU4nxg1EezU14asco5lvXl5tEdfcKAlyr8Vng4iNYbmP8kt4J5UZOY.png)
5. Toggle on periodization.

   ![](https://staticfiles.gleap.io/gattachments/G3Tu0fkV4WTViFm70GMaY9qsQOO4C7r6MeI3fllGJu5GgW2MXbplOFXvXwp87ogEGnuBW1wGCPo.png)

   From here, you can see your cycles are now populated for the rest of your program.

   ![](https://staticfiles.gleap.io/gattachments/y8rBaxAf6USaSzqk7ryVxOqQX9gkuemyBFLmkEyTZ2Wv1ZTn4nO53dWDzg1mm4Ei1AZIi2F1tYb.png)

   You can also open [additional options](https://help.macrofactorapp.com/en/articles/389-how-can-i-customize-periodization-rir-reps-and-sets-for-the-exercises-in-my-program) to apply the same settings to all exercises for the day or the entire program.

## Saving your new program

When you are finished building all the days in your program, you can **Save to Library** or **Activate Program** to make it your active program.

## Read next:

Now that you’ve learned how to create a new program from scratch, you might enjoy one of these articles next:

[Using smart progressions](https://help.macrofactorapp.com/en/articles/305-understanding-and-using-smart-progressions)  
[Swap exercises](https://help.macrofactorapp.com/en/articles/299-swap-exercises)  
[Set up your gym profiles](https://help.macrofactorapp.com/en/articles/300-set-up-your-gym-profiles)"
General,Sharing Programs and Workouts with Other Users,https://help.macrofactorapp.com/en/articles/402-sharing-programs-and-workouts-with-other-users,"MacroFactor Workouts allows you to share programs and individual workouts with other users by [exporting them](https://help.macrofactorapp.com/en/articles/287-how-to-import-a-workout-or-program) as spreadsheet files. Once shared, anyone can import the program or workout spreadsheet file into their own app.

To share a program or workout, you’ll first need to export it from your app. To do so:

1. Go to the Workout tab.
2. Open the workout or program you want to export.

**For programs**: Tap **Program Settings** in the top-right corner, scroll down, and tap **Export Program**.

**For workouts**: Tap the three dots at the top of the workout, scroll down, and tap **Export Workout**.

Once the file has been exported, you can share it using your preferred method of sharing.

Then, the user can import a program or workout.

*Note: Do not use the program import option for a workout or the workout import option for a program.*

1. Tap the + icon

For programs: Tap **New Program**, and then select the **Import from File** option. Once you’ve done that, you can upload the program file and tap **Save to Library**, or **Activate Program**.

For workouts: Tap **New Workouts**, and then select the **Import Workout From File** option. Once you’ve done that, you can upload the workout file and tap on **Save to Library**.

## Importance regarding formatting requirements:

In order for the import to succeed, the file must follow the required formatting. You’ll want to avoid changing the overall formatting, including exercise names or column headers.

Another thing to note is that if a shared program or workout includes custom exercises, the import may fail if the receiving user does not already have those same custom exercises in their own exercise database.

Right now, the safest option is to remove any custom exercises from the exported spreadsheet before sharing it. The receiving user can then either:

1. Add the custom exercises manually within their own app.
2. Replace those exercises with alternatives from the existing exercise database.

## **Read next:**

Now that you’ve learned how to share programs or workouts, you might enjoy one of these articles next:

[How to Import a Workout or Program](https://help.macrofactorapp.com/en/articles/287-how-to-import-a-workout-or-program)

[Create a New Workout](https://help.macrofactorapp.com/en/articles/307-create-a-new-workout)

[Create a New Program via Smart Generation](https://help.macrofactorapp.com/en/articles/285-create-a-new-program-via-smart-generation)"
General,How to Import a Workout or Program,https://help.macrofactorapp.com/en/articles/287-how-to-import-a-workout-or-program,"MacroFactor Workouts lets you import workouts or full programs using a spreadsheet file. But to ensure imports work correctly, the files must follow MacroFactor Workouts’s required formatting.  
  
Importing is useful for:

* Sharing workouts or programs with another MacroFactor Workouts user.
* Moving a program between devices or accounts.
* Using approved programs provided in spreadsheet format, such as purchased programs.

For editing and customization, using the in-app program editor is highly recommended.

**Important notes before you begin**

* Only .xlsx files are supported.
* Workouts and programs should be edited in the app, not in the spreadsheet.
* **Make sure that if you’re importing a program, you import it into a new Program, not a new Workout. This is a common mistake**.

  ![](https://staticfiles.gleap.io/gattachments/8zOtfkXvWqXq5DAG189KvEyFyonw82Xm99ZDC5TH2efFzlrDJE25EiJIFxMhVDd5mVeZZKyyeDC.png)

### **Step 1: Export an existing MF workout or program**

1. Go to the **Workout** tab.
2. Open the workout or program you want to export.

   * **For programs:** Tap **Program Settings** in the top-right corner, scroll down, and tap **Export Program**.
   * **For workouts:** Tap the three dots at the top of the workout, scroll down, and tap **Export Workout**.
3. The exported file will open with a **Save** icon in the bottom-right corner. Save the file to your desired location.

This exported file is pre-formatted and safe to use as a starting point for importing.

### **Step 2: Optional file review**

You can open the file to view its structure, but avoid changing:

* Exercise names.
* Column headers.
* Overall formatting.

***Even small changes to exercise names can cause the import to fail.***

### **Step 3: Import a program**

1. **Tap the + button**.
2. Create a **New Program**.
3. Select **Import From File.**
4. Upload the .xlsx file you want to import.
5. Confirm the import.
6. **Save to Library** or **Activate Program** to make it your active program.

### **Step 4: Import a workout**

1. **Tap the + button**.
2. Create a **New Workout**.
3. Select **Import From File.**
4. Upload the .xlsx file you want to import.
5. Confirm the import.
6. **Save to Library**.

If the file follows the required format, the workout or program will be added to your library.

**Troubleshooting import issues**

1. Ensure you’re importing an allowed file. For example, if uploading a Jeff Nippard program, note that it only supports all of his programs that are currently still offered. Meaning, if it is an old program that is no longer available for purchase, it will fail on import.
2. Do not alter the files. The formatting is specific and sensitive to changes.
3. Make sure you upload programs into Programs and workouts into Workouts.

## Read next:

Now that you’ve learned about importing a program or workout, you might enjoy one of these articles next:

[Add or Remove Exercises from a Program](https://help.macrofactorapp.com/en/articles/292-add-or-remove-exercises-from-a-program)  
[Create a New Workout](https://help.macrofactorapp.com/en/articles/307-create-a-new-workout)  
[Create a Custom Exercise](https://help.macrofactorapp.com/en/articles/328-how-to-create-a-custom-exercise)"
General,Starting a New Program,https://help.macrofactorapp.com/en/articles/288-starting-a-new-program,"1. Go to the **Workout** tab.
2. Under **Active Program**, tap the arrow on the right to expand your program.

   ![](https://staticfiles.gleap.io/gattachments/1G8LPGqCY9Jmlo1uiVHX6sKpriiZ0MwzyJrRyzC9A91HuopnneK1vnX6nKpD9mDo44JvpIgDIw2.png)
3. Review the workouts for the current week. This view also shows rest days and other scheduled workouts.
4. Tap the workout you want to complete. You can drag workouts to change their order if needed.
5. When you are ready, tap **Start Workout**.

![](https://staticfiles.gleap.io/gattachments/Eb1rKMkNSfquZX7i6gySUO2rwjFjnEFTecBlc4f2V1e5d4Gzmzn7o96wkJGtjBESLMlrEzCi1cA.png)

## Read next:

Now that you’ve learned about starting a new program, you might enjoy one of these articles next:

[How to Log a Workout](https://help.macrofactorapp.com/en/articles/307-create-a-new-workout)  
[Swap Exercises](https://help.macrofactorapp.com/en/articles/312-swap-exercises)  
[Understanding Levels](https://help.macrofactorapp.com/en/articles/342-understanding-levels)"
General,Set or Swap Active Programs,https://help.macrofactorapp.com/en/articles/289-set-or-swap-active-programs,"Sometimes you may want to switch from your current program to a new program you have created, or to a previously used program you want to activate again.

**Option 1: Setting a New Program as Your Active Program**

1. Tap the **+** button in the center of the bottom navigation.
2. Tap to **New Program**.
3. Complete the program setup flow.
4. At the end of the flow, tap **Activate Program**.

**Option 2: Setting a Program From Your Workout Library as Your Active Program**

1. Go to the **Workout** tab.
2. Under **Workout Library**, tap **Expand** to view your full library.
3. **Drag the program** you want to use into your active program area.

After activating a new program, check your dashboard to confirm the change. You will see updated targets.

**Note:** Switching active programs does not reset or delete any previously logged workouts, muscle group data, or exercise history.

## Read next:

Now that you’ve learned how to set or swap active programs, you might enjoy one of these articles next:

[Archive or Restore a Program](https://help.macrofactorapp.com/en/articles/306-archive-or-restore-a-program)  
[Archive or Restore a Workout](https://help.macrofactorapp.com/en/articles/324-archive-or-restore-a-workout)  
[Add or Remove Exercises From a Program](https://help.macrofactorapp.com/en/articles/292-add-or-remove-exercises-from-a-program)"
General,Duplicate a Program,https://help.macrofactorapp.com/en/articles/290-duplicate-a-program,"You may want to create a new program that is very similar to an existing one, but with small changes in exercise selection or weekly structure. Duplicating a program lets you save time instead of starting from scratch.

1. Go to the **Workout** tab.
2. Select the program you want to duplicate.
3. Tap the **settings icon** in the top-right corner.
4. Tap **Duplicate Program**.
5. Enter a name for the duplicated program.
6. Tap **Save & Go to Duplicate**.

## Read next:

Now that you’ve learned how to duplicate a program, you might enjoy one of these articles next:

[Add or Remove Exercises From a Program](https://help.macrofactorapp.com/en/articles/292-add-or-remove-exercises-from-a-program)  
[Change Number of Cycles in a Program](https://help.macrofactorapp.com/en/articles/302-change-number-of-cycles-in-a-program)  
[Change Program Schedule](https://help.macrofactorapp.com/en/articles/301-change-program-schedule)"
General,Duplicate a Workout Within a Program,https://help.macrofactorapp.com/en/articles/291-duplicate-a-workout-within-a-program,"You may want to add another workout to your cycle that mirrors an existing one, such as repeating Workout A later in the week. You can duplicate a workout in just a few taps.

1. Go to the **Workout** tab.
2. Tap the program you are currently using, or the program that contains the workout you want to duplicate.
3. Navigate to the workout you want to duplicate, for example, Workout A.
4. Scroll the action bar until you see **Duplicate**, tap it.
5. The duplicated workout will appear as an additional workout at the end of your cycle. **Note:** You may need to scroll through your workout cycles to see it.

If you make a mistake, scroll the same top action bar and tap **Remove**, or tap **Change to Rest** to convert the workout to a rest day.

**Read next:**

Now that you’ve learned how to duplicate a workout within a program, you might enjoy one of these articles next:

[Change Program Schedule](https://help.macrofactorapp.com/en/articles/301-change-program-schedule)  
[Add or Remove Exercises From a Program](https://help.macrofactorapp.com/en/articles/292-add-or-remove-exercises-from-a-program)  
[Reorder Exercises in a Program](https://help.macrofactorapp.com/en/articles/296-reorder-exercises-in-a-program)"
General,Add or Remove Exercises From a Program,https://help.macrofactorapp.com/en/articles/292-add-or-remove-exercises-from-a-program,"**To Add an Exercise**

1. Go to the **Workout** tab.
2. Tap the program you want to edit.
3. Select the workout day or rest day to which you want to add an exercise. You can add exercises to any day in your cycle.

   ![](https://staticfiles.gleap.io/gattachments/Ew3ooNoy46t7nJBhjJtLl0pL0wTLPmZ8vkylekc6nl5GjPAM3268LSLxTXsEYheL5K4YYYaoEeD.png)
4. Tap **Add Exercise** next to the exercise count for that workout.

   ![](https://staticfiles.gleap.io/gattachments/umVCBGPK8VLBLNYjkYZxWHaM6tlidumwIDQYg6YFc4z1AWc7zdW8dBCKwymGI0q9BZXRswa2AvE.png)
5. Search for the exercise you want to add, then **tap the + button** next to the exercise.

   ![](https://staticfiles.gleap.io/gattachments/MK0GWKoVS6TYOh1vHJMKEHpvABJgIYZvihKJS9CSAzMPlEkmNhTbNDPx4FksUEd1C6J5eo1rTDH.png)
6. To add multiple exercises, continue searching and **tap the + button** for each exercise you want included in your workout.
7. When you are finished, tap **Update Workout Plan** to make the exercise part of that workout, or **Start Workout** if it is a one-off addition.

   ![](https://staticfiles.gleap.io/gattachments/B38Uf888WI5FGYIQ1aekBTTyqCEfpzrBXvJQ1wrkCxIHp6vD3Ns1b7zTxbA3JgMhL18Hnozizo3.png)

**To Remove an Exercise**

1. Go to the **Workout** tab.
2. Tap the program you want to edit.
3. Navigate to the workout day you want to change.
4. Scroll to the exercise you want to remove.
5. Swipe left on the right side of the exercise and tap **Remove from workout**.

   ![](https://staticfiles.gleap.io/gattachments/sgnzUJNo7AIv3USQemVmCodEN0tIy9dWn3ytc9kFW5Pot7PUKNME6CqVqJl6IXcWcWYPrNe8xCH.png)

## Read next:

Now that you’ve learned how to add or remove exercises from a program, you might enjoy one of these articles next:

[Swap Exercises](https://help.macrofactorapp.com/en/articles/299-swap-exercises)  
[Reorder Exercises in a Program](https://help.macrofactorapp.com/en/articles/296-reorder-exercises-in-a-program)  
[Change Program Schedule](https://help.macrofactorapp.com/en/articles/301-change-program-schedule)"
General,How to Enable Periodization for Custom Programs,https://help.macrofactorapp.com/en/articles/388-how-to-enable-periodization-for-custom-programs,"In simple terms, periodization is how you plan your training over time. It answers questions like: Do you want to include failure sets in a later week for your primary lift? Should reps and RIR change from week to week? Do you want to gradually increase volume or intensity over time, or intentionally reduce them during certain phases?  
  
You can periodize RIR, rep ranges, and sets for any exercise in your program, whether the program was created using Smart Generation, built from scratch, or modified by adding or swapping exercises.

Once an exercise is part of your program, its targets can be adjusted across cycles.

You can open any exercise within a workout to adjust:

* Number of sets
* Rep minimums and maximums
* RIR targets

These targets can be set for a single cycle, multiple different cycles, or the entire program.

To enable periodization so targets populate across all weeks:

1. Go to the Workout tab.
2. Select the program you want to edit.  
    

   ![](https://staticfiles.gleap.io/gattachments/hklLeOGKNCnI2HQQGBfjepZF2ncD52boQPQgQkA0HB53LyuwZ5k95WfCcKoJyA4oAaTQlwnRmM8.png)
3. Tap the settings icon in the top-right corner. 

   ![](https://staticfiles.gleap.io/gattachments/ph2Z4K9duSe7GtrXxZnknUiYQTAbPTrOx6WKO3sLpmtilSO8zaJtuidAyZrTbQEpRvkjHjmAw2Q.png)
4. Toggle Periodization on.

   ![](https://staticfiles.gleap.io/gattachments/O6gPMJFIQcgrmJcfzR8aLgIY1WlP5SuQqIEUoS1LokjoEpfO4CoeWah2qMIbOMcRGCv6HaH0hlQ.png)

Once enabled, you will see cycles auto-fill for exercises.

### **Read next**

Now that you’ve enabled periodization, you might enjoy one of these articles next:

How can I periodize RIR, reps, and sets for exercises in my program?  
[Understanding and using smart progressions](https://help.macrofactorapp.com/en/articles/305-understanding-and-using-smart-progressions)  
[Setting RIR in programs](https://help.macrofactorapp.com/en/articles/293-setting-rir-for-exercises-in-a-program)"
General,Setting RIR for Exercises in a Program,https://help.macrofactorapp.com/en/articles/293-setting-rir-for-exercises-in-a-program,"**Option 1:**

1. Go to the **Workout** tab.
2. Tap your active program (for example, *Intermediate Full Body*). **Note:** Do not open the program using the right arrow. Tap directly in the middle of the program to view the full program schedule with all exercise cycles.

   ![](https://staticfiles.gleap.io/gattachments/ZYwsViL8yHR0p43Ma8Dy1NlfVQALrXwQ9V2uNkxYN8EVkxCiJhYd5Whr6hy1jEgxN3EQnzAEdX7.png)
3. Scroll to the exercise you want to set RIR for.
4. On the right side of the screen, **tap the RIR value**.

   ![](https://staticfiles.gleap.io/gattachments/uMipDZrdxQOwC5wkOm8sC8InOF6LSHFNDEzDULzwBP2Ugcfz5tU5IbbkI5gnsDWN9VGyfYUt00e.png)
5. Select your desired RIR target from 0 to 6+. You can **tap the ? icon** to view RIR explanations.

   ![](https://staticfiles.gleap.io/gattachments/HLEUHzYc7sJCTLikm2rF2DNbq4gUpNCUT9Aqj54DJ07WLSqIfFPzOMIwWgmgwfcfWmHAonDDrFx.png)

   **Note:** If you are changing from a failure set, you will need to change the set to a standard or other lifting style by clicking the **F** on the left side of the set list.

   ![](https://staticfiles.gleap.io/gattachments/lrUwAxhouNxe7Kybmpda6GSNHGfQ89DDi5iMWrMS3h79XLPzedUUvwrFgPH5RjSuUZKPVvpInMc.png)
6. Confirm the RIR value for that set. The values next to the exercise update accordingly.

When you’re done, you have a few options for saving your changes.  
  
**Option 1**: You can save these changes for only that workout cycle and simply tap the **Save** button.  
  
**Option 2**: You can save these changes across all cycles and tap **Save To All Cycles**.

**Note:** If you choose to save these changes for all cycles, the app will also update sets and minimum and maximum reps for all cycles. Make sure this is what you want before saving.

**Option 3:** If you want to apply the same RIR to all exercises and all cycles, tap **More Options**.

**Note:** If you choose to save these changes for all cycles and all exercises, the app will also update sets and minimum and maximum reps for all cycles and exercises. Make sure this is what you want before saving.

## Read next:

Now that you’ve learned about setting RIR for exercises in a program, you might enjoy one of these articles next:

[Using Smart Progressions](https://help.macrofactorapp.com/en/articles/305-understanding-and-using-smart-progressions)  
[Changing RIR During An Active Workout](https://help.macrofactorapp.com/en/articles/314-changing-rir-during-an-active-workout)  
[Understanding Levels](https://help.macrofactorapp.com/en/articles/342-understanding-levels)"
General,Change Minimum and Maximum Reps for Exercises in a Program,https://help.macrofactorapp.com/en/articles/294-change-minimum-and-maximum-reps-for-exercises-in-a-program,"1. Go to the **Workout** tab.
2. Tap your active program (for example, *Intermediate Full Body*). **Note:** Do not open the program using the right arrow. Tap directly in the middle of the program to view the full program schedule with all exercise cycles.

   ![](https://staticfiles.gleap.io/gattachments/ZYwsViL8yHR0p43Ma8Dy1NlfVQALrXwQ9V2uNkxYN8EVkxCiJhYd5Whr6hy1jEgxN3EQnzAEdX7.png)
3. Scroll to the exercise you want to change.
4. Tap inside the exercise details area where cycles, sets, reps, and RIR are shown.

   ![](https://staticfiles.gleap.io/gattachments/KsJfNvzgUu3vsNyMYJOgZhlVOdckKRe6EONDssXdKv0yxVscNWkk765bc5Lk6pgEHIcxlST9l4W.png)
5. Tap the rep minimum or maximum value you want to edit.

   ![](https://staticfiles.gleap.io/gattachments/JYwYwmUIDpnYr1AAyz59XTgaF2hdWuAjp7YYEcxguXsjPPp3gMjAyJRXuQFCkOiv0q5SbNkiYoM.png)
6. Adjust the rep range as needed.
7. When you’re done, you have a few options for saving your changes:

**Option 1**: You can save these changes for only that workout cycle and simply tap the **Save** button.  
  
**Option 2**: You can save these changes across all cycles and tap **Save To All Cycles**.

**Note:** If you choose to save these changes for all cycles, the app will also update sets and RIR for all cycles. Make sure this is what you want before saving.

**Option 3:** If you want to apply the same reps to all exercises and all cycles, tap **More Options**.

**Note:** If you choose to save these changes for all cycles and all exercises, the app will also update sets and RIR for all cycles and exercises. Make sure this is what you want before saving.

## Read next:

Now that you’ve learned how to change reps for exercises in a program, you might enjoy one of these articles next:

[Change Sets for Exercises in a Program](https://help.macrofactorapp.com/en/articles/295-change-sets-for-exercises-in-a-program)  
[Setting RIR for Exercises in a Program](https://help.macrofactorapp.com/en/articles/293-setting-rir-for-exercises-in-a-program)  
[Using Smart Progressions](https://help.macrofactorapp.com/en/articles/305-understanding-and-using-smart-progressions)"
General,Change Sets for Exercises in a Program,https://help.macrofactorapp.com/en/articles/295-change-sets-for-exercises-in-a-program,"1. Go to the **Workout**.
2. Tap your active program (for example, *Intermediate Full Body*). **Note:** Do not open the program using the right arrow. Tap directly in the middle of the program to view the full program schedule with all exercise cycles.

   ![](https://staticfiles.gleap.io/gattachments/ZYwsViL8yHR0p43Ma8Dy1NlfVQALrXwQ9V2uNkxYN8EVkxCiJhYd5Whr6hy1jEgxN3EQnzAEdX7.png)
3. Scroll to the exercise you want to change.
4. Tap inside the exercise details area where cycles, sets, reps, and RIR are shown.

   ![](https://staticfiles.gleap.io/gattachments/8scMBN4LHugXOU2XDWqnVaTBDwvRBQ5sQscC0tJkyovgG1k9shV1KgZYjLou2qgrHFScJa4BNT6.png)
5. To remove sets: swipe the set to the left.

   ![](https://staticfiles.gleap.io/gattachments/d6J2OUODQMiKSVrSmfHHpqiZUAjbqYEKbE8xhwZv3TiIlHwUBnGXZBDc1TX0UQAWc4t5lRgZz3z.png)
6. To add sets: tap the **+** button on the left side.

   ![](https://staticfiles.gleap.io/gattachments/ivBkaeaDng6KY07gOdPQrtrGWCw7TLyrLa4ismWjTwfoKT9r0SLgxPgCk10VnvzhSnB3X1pBiuw.png)

When you’re done you have a few options of how to save your changes.  
  
**Option 1**: You can save these changes for only that workout cycle and simply tap the **Save** button.  
  
**Option 2**: You can save these changes across all cycles and tap **Save To All Cycles**. 

**Note:** If you choose to save these changes for all cycles, the app will also update minimum and maximum reps and RIR for all cycles. Make sure this is what you want before saving.

**Option 3:** If you want to apply the same reps to all exercises and all cycles, tap **More Options**.

**Note:** If you choose to save these changes for all cycles and all exercises, the app will also update the minimum and maximum reps and RIR for all cycles and exercises. Make sure this is what you want before saving.

## Read next:

Now that you’ve learned how to change sets for exercises in a program, you might enjoy one of these articles next:

[Change Minimum or Maximum Reps for Exercises in a Program](https://help.macrofactorapp.com/en/articles/294-change-minimum-and-maximum-reps-for-exercises-in-a-program)  
[Setting RIR from Exercises in a Program](https://help.macrofactorapp.com/en/articles/293-setting-rir-for-exercises-in-a-program)  
[Viewing Sets and Volume Over Time](https://help.macrofactorapp.com/en/articles/343-viewing-sets-and-volume-over-time)"
General,Reorder Exercises in a Program,https://help.macrofactorapp.com/en/articles/296-reorder-exercises-in-a-program,"1. Go to the **Workout** tab.
2. Tap the program you want to edit (for example, *Beginner Full Body*).
3. Select the workout day you want to rearrange (for example, *Workout A*).
4. Tap **Reorder** from the action bar.
5. Press and hold an exercise, then drag it into the order you want.
6. Tap **Done** when you are finished.

## Read next:

Now that you’ve learned how to reorder exercises in a program, you might enjoy one of these articles next:

[Swap Exercises](https://help.macrofactorapp.com/en/articles/332-swap-exercises)  
[Creating Custom Exercises](https://help.macrofactorapp.com/en/articles/328-how-to-create-a-custom-exercise)  
[Change the Program Schedule](https://help.macrofactorapp.com/en/articles/301-change-program-schedule)"
General,Deload First Cycle or Last Cycle,https://help.macrofactorapp.com/en/articles/297-deload-first-cycle-or-last-cycle,"Deloads reduce training stress by temporarily lowering intensity or volume. Some people use a deload at the start of a training block to ease into new workloads and limit soreness. Others prefer a deload at the end of a block to promote recovery and feel fresher going into the next phase.

1. Go to the **Workout** tab.
2. Tap your active program.
3. Tap the **program settings icon** in the top-right corner.
4. Scroll down to **Deload** and tap **Edit**.
5. Select one of the following options:

**None:** Train continuously without scheduled reductions in intensity or volume.

**First Cycle:** Start each training block with a lower-intensity cycle to ease into new workloads and reduce soreness.

**Last Cycle**: Finish each training block with a lighter cycle to promote recovery and readiness for the next phase.

6. Tap the **X** to return to your workout program and save your selection.

## Read next:

Now that you’ve learned about deloading your first cycle or last cycle, you might enjoy one of these articles next:

[Change Number of Cycles in a Program](https://help.macrofactorapp.com/en/articles/302-change-number-of-cycles-in-a-program)  
[Understanding Smart Progressions](https://help.macrofactorapp.com/en/articles/305-understanding-and-using-smart-progressions)  
[Viewing Exercise Performance Over Time](https://help.macrofactorapp.com/en/articles/344-viewing-exercise-performance-over-time)"
General,See Exercise Information,https://help.macrofactorapp.com/en/articles/298-see-exercise-information,"Exercise info includes video demonstrations, written instructions, target muscles, stability and range of motion rankings, equipment requirements, joint actions, and bodyweight contribution details.

**Option 1**

1. Go to the **More** tab.
2. Under **Feature Settings**, tap **Exercises**.
3. Search for an exercise.
4. Tap the exercise to view more information.
5. Tap **Info** to view exercise details.

**Option 2**

1. Go to the **Workout** tab.
2. Tap any program or workout you have created to open it.
3. Locate the exercise you want more information on.
4. Tap the three dots on the right side of the exercise.
5. Tap **Info** to view exercise details.

**Option 3**

1. Go to the **Workout** tab.
2. Start a workout.
3. Tap any exercise in your workout from the top navigation bar.
4. In the action bar, under the exercise title, tap **Info**.
5. The exercise details screen will open automatically, allowing you to view more information.

**Option 4**

1. Search for an exercise when building a workout, building a program, or browsing the exercise database.
2. Tap the exercise name.
3. The exercise details screen will open automatically, allowing you to view more information.

## Read next:

Now that you’ve learned about exercise info, you might enjoy one of these articles next:

[How to Create a Custom Exercise](https://help.macrofactorapp.com/en/articles/328-how-to-create-a-custom-exercise)  
[Searching Exercises](https://help.macrofactorapp.com/en/articles/331-searching-exercises)  
[Accessing Exercise Settings During a Workout](https://help.macrofactorapp.com/en/articles/333-accessing-exercise-options-during-a-workout)"
General,Set Up Your Gym Profiles,https://help.macrofactorapp.com/en/articles/300-set-up-your-gym-profiles,"During onboarding, you create and select a gym profile that acts as your default. You can also create additional gym profiles to match different training environments and make exercise selection more tailored during program and workout creation. 

For example, you might train at a commercial gym during the week but at home on the weekends. You can create separate gym profiles that let you adjust equipment for each setting. You can also edit existing profiles to better reflect what your gym actually has, such as removing free weight racks, adding a Smith machine, or updating available weight increments, bands, or loadable accessories.

**To create a new gym profile**

1. Go to **More** > Feature Settings > **Gym Profiles**.
2. Tap **Add New Gym Profile**.
3. Choose an icon and name for the profile.
4. Select a prefill equipment setup as a starting point.
5. Tap **Save**.
6. Edit the equipment by tapping the **pencil icon** next to your gym profile.

**To edit an existing gym profile**

**Option 1:**

1. Go to **More** > Feature Settings > **Gym Profiles**.
2. Tap the **pencil icon** next to the gym profile you want to edit.
3. Select or deselect the equipment you want to be available.

**Option 2:**

1. Go to the **Workout** tab.
2. Start a workout.
3. Tap the three horizontal lines in the top-left corner of the screen.
4. Select **Gym Settings**.
5. Select or deselect the equipment you want to be available.

**To set a Gym Profile as your default:**

1. Go to **More > Gym Profiles**.
2. Press and hold the Gym Profile you’d like to make the default.
3. Drag it to the top of the list.

The Gym Profile at the top of the list will be used as your default profile.

![](https://staticfiles.gleap.io/gattachments/Evc1kVMCM8XMlQ6O1ZkVXnee8VRMYQqUK7YYRPBPJuTskpwnnCj9fMru8mmMThApvdoJ9ZLDLkg.png)

## Allow or Disallow Exercises

You can configure which exercises are recommended during program creation and which exercises appear as options while using the smart-substitutions feature. To do so:

1. Go to **More** > Feature Settings > **Gym Profiles**.
2. Tap the pencil icon next to the gym profile you want to edit.
3. Tap the three-dot icon in the top right corner of the screen to pull up the **More Gym Options** menu.

Here, you’ll have two options:

**Allow Exercises** lets you make specific exercises available for use, even if the required equipment is not marked as available in that gym profile.

**Disallow Exercises** lets you prevent specific exercises from being recommended, even if the required equipment is marked as available in that gym profile.

4. To add an exercise to either list, tap **Add** next to the option you’d like to configure, then search for and select the exercise.

## Read next:

Now that you’ve learned how to set up your gym profiles, you might enjoy one of these articles next:

[How To Create Custom Exercises](https://help.macrofactorapp.com/en/articles/328-how-to-create-a-custom-exercise)  
[Set or Swap Training Programs](https://help.macrofactorapp.com/en/articles/289-set-or-swap-active-programs)  
[Swap Exercises](https://help.macrofactorapp.com/en/articles/299-swap-exercises)"
General,Change Program Schedule,https://help.macrofactorapp.com/en/articles/301-change-program-schedule,"You can change your program schedule based on how many training and rest days you want in each cycle.

1. Go to the **Workout** tab.
2. Tap the program you want to edit.
3. Tap the **program settings icon** in the top-right corner.

   ![](https://staticfiles.gleap.io/gattachments/r5t9HHfuNT6pyVpqg0yo4ItJK0ec8C9EBsYb0R8quH6YRTwKmHe1qtfrkZqWAYJZaFc4vvZFJJs.png)
4. Scroll down to **Day Order** and tap **Edit**.

   ![](https://staticfiles.gleap.io/gattachments/Eh1LBlmFiO80pveskupiUeAlAwcTrQJfMnahDCs5qe1rKZo40YNyYE0dtrholQDgUfmFb8JoquH.png)
5. Reorder your active workout days by dragging and dropping. By default, only existing workout days can be moved.
6. If you want to add another workout day, first add that workout to your program, then return to the schedule to arrange it.
7. If you want a 7-day schedule, make sure your program includes 7 total days, including workout days and rest days.
8. You can schedule up to 14 unique training days within a single cycle.
9. When finished, tap **Save**.

## Read next:

Now that you’ve learned how to change your program schedule, you might enjoy one of these articles next:

[Change Number of Cycles in a Program](https://help.macrofactorapp.com/en/articles/302-change-number-of-cycles-in-a-program)  
[Starting a New Program](https://help.macrofactorapp.com/en/articles/288-starting-a-new-program)  
[Viewing Workout History](https://help.macrofactorapp.com/en/articles/339-viewing-past-workouts)"
General,Change Number of Cycles in a Program,https://help.macrofactorapp.com/en/articles/302-change-number-of-cycles-in-a-program,"Changing the number of cycles in a program lets you control how long the program runs before it resets. From a preference standpoint, shorter programs can feel easier to commit to or review more often, while longer programs reduce the need for frequent changes. From a training standpoint, shorter cycles can be useful when you want to experiment with new exercises, adjust volume sooner, or run focused blocks, while longer cycles can support consistency, gradual progression, and reduced decision-making over time.

1. Go to the **Workout** tab.
2. Tap the program you want to edit.
3. Tap the **program settings icon** in the top-right corner.

   ![](https://staticfiles.gleap.io/gattachments/tSoPLuuUMosjYCJL4rYEKd92sxnciMYQojtkiTggr49uALNCC4JedSgfKudzwoHqexMFwb4TbEl.png)
4. At the top of the settings screen, adjust the number of cycles using the **+** or **-** buttons.

   ![](https://staticfiles.gleap.io/gattachments/95B44XPJ78cwSE4CuoTkYAgn1tTJ95ysu6M7yJLl6P0jUONF5hS8WULfZ8f0eSMRrJs7hG6B340.png)
5. You can set the number of cycles anywhere from 1 to 52.
6. Tap **X** to save and close program settings.

## Read next:

Now that you’ve learned about changing the number of cycles in a program, you might enjoy one of these articles next:

[Deload First Cycle or Last Cycle](https://help.macrofactorapp.com/en/articles/297-deload-first-cycle-or-last-cycle)  
[Change Program Schedule](https://help.macrofactorapp.com/en/articles/301-change-program-schedule)   
[Add or Remove Exercises to a Program](https://help.macrofactorapp.com/en/articles/292-add-or-remove-exercises-from-a-program)"
General,Change Default Rest Timers,https://help.macrofactorapp.com/en/articles/303-change-default-rest-timers,"Each rest timer has a default duration based on the movement type. For example, lower body compound exercises default to 3:00, while upper body isolation exercises default to 1:30.

**To change default rest timers**

**Option 1:** 

1. Go to **More** > Feature Settings > **Workouts**
2. Scroll down to **Rest Timer,** then tap **Timer Duration**.
3. You’ll find a list of **Default Timers**.
4. Tap **Edit** beside to adjust any default timer durations as desired.
5. Tap **Save** when finished.
6. To return to the original settings, tap **Reset Defaults**.

**Option 2:**

1. Go to the **Workout** tab.
2. Start a workout.
3. Tap the three horizontal lines in the top-left corner of the screen.
4. Select **Workout Settings**.
5. Scroll down to **Rest Timer,** then tap **Timer Duration**.
6. You’ll find a list of **Default Timers**.
7. Tap **Edit** beside to adjust any default timer durations as desired.
8. Tap **Save** when finished.
9. To return to the original settings, tap **Reset Defaults**.

**To add an exercise-specific rest timer**

**Option 1:** 

1. Go to **More** > Feature Settings > **Workouts**
2. Scroll down to **Rest Timer,** then tap **Timer Duration**.
3. Under **Exercise Timers**, next to **Add Exercise Timer**, tap **Add**.
4. Search for and select the exercise you want to customize.
5. Set your desired rest timer duration for that exercise.
6. Tap **Add Custom** **Rest Timer** when finished.

**Option 2:**

1. Go to the **Workout** tab.
2. Start a workout.
3. Tap the exercise you want to add a custom timer to from the top navigation bar.
4. Scroll to the end of the action bar, under the exercise title, tap **More > Exercise Settings**.
5. Next to the **Rest Timer,** tap **Edit**.
6. Set your desired rest timer duration for that exercise.
7. Tap **Save** when finished.

## Read next:

Now that you’ve learned how to change the default rest timer, you might enjoy one of these articles next:

[**Changing Rest Time During a Workout**](https://help.macrofactorapp.com/en/articles/320-changing-rest-time-during-a-workout)[**Customizing Workout Preferences**](https://help.macrofactorapp.com/en/articles/322-customizing-workout-sections)[**Add a Note to Your Workout**](https://help.macrofactorapp.com/en/articles/323-add-a-note-to-your-workout)"
General,Configuring Warm-Ups,https://help.macrofactorapp.com/en/articles/304-configuring-warm-ups,"Smart warm-ups can help improve performance by manually calculating warm-up weights and reps for your session. They also help ease you into heavier sets without overdoing it. The app achieves this by automatically scaling warm-up sets based on the exercise and your current working loads.   
  
Warm-ups will be automatically added to each exercise in your workouts based on the scheme. So, by default, they are turned on.

## Enabling Smart Warm-ups

1. Go to **More** > Feature Settings > **Workouts**

   ![](https://staticfiles.gleap.io/gattachments/BahwCaa2OWnxSsJuhvDfIp87kXsZkHXS3hVXBNvoEHSalprOHRCyBf2nuwY4ROgeX8Znmy0Z6K7.png)
2. Under ‘General’, tap on **Warm-Up**

   ![](https://staticfiles.gleap.io/gattachments/enzw6T3zZTvVv78bklarJvSefzTTieuLjSkHsbcflIx1Gikd6Vxbdmq1UqM2Y1nOc1EnF3R8ofn.png)
3. Under ‘Behavior’, tap **Edit** next to **Warm-Up Automation**.

   ![](https://staticfiles.gleap.io/gattachments/kQImTkzfLPFGHTkNGj78kz2fJ4H0lgaZAureQ2FkXPGi53z0lrhqWXliMXtHGr4QPPXP4aziiDm.png)
4. Select **Smart Warm-Up** if you want warm-up sets to be automatically added based on the weight you’re lifting.

   ![](https://staticfiles.gleap.io/gattachments/7Xw8J0ktbov323COD7pg4Ky7LGXf98ExbadJtjsadpEthaWbKwrkmvdDsAiJH5o4TQwWRFGH6Ww.png)
5. Your warm-ups will now be automatically added to exercises in your workouts.

**Option 2: During a workout**

1. While in an active workout, tap the three horizontal lines in the top-left corner of the screen.

   ![](https://staticfiles.gleap.io/gattachments/9WpXlBgnGzfPHIzg3KO5gvt1TFOpgklPGY2SOx3r1nPaDAgsXm06NCe0MiPwzUdF6r20Unc4POx.png)
2. Select **Workout Settings**.
3. Under **Warm-Up**, toggle **Add Smart Warm-Ups** on or off.

**Option 3: Add a Warm-Up set during a workout**

1. During a workout, tap the exercise you want to add a warm-up to from the top navigation bar.
2. In the action bar, under the exercise title, tap **Warm Up**.

   ![](https://staticfiles.gleap.io/gattachments/w89LRiOtXZ5zH3Km8JYRnlJGaSXiwzxtFqHZkFE2G1JVEbJlB81TiPQLOFf41XGBRyfV4YVeT0s.png)
3. Select the Add a Warm-Up set option.

   ![](https://staticfiles.gleap.io/gattachments/qjGVVuuRyrKhcgiveuz9hfwuBZrDbw2uTQlFraTzGP2xef2KVidGRGoy7dWhxosfb1Z3zgd4Zeg.png)
4. Swipe left on the warm-up set, then tap the red button to remove it.

## Warm-Up Schemes

The **Warm-Up Scheme** feature lets you configure the default warm-up scheme used by the workout warm-up calculator. To get there, go to **More > Workout > Warm-Up > Warm-Up Scheme**.

## Exercise-specific warm-up schemes

You also have the option to create warm-up schemes for specific exercises. These will take precedence over your default warm-up scheme settings.

### To add a specific exercise warm-up scheme

1. While in the **Warm-Up Scheme** menu, tap **Add** next to **Add Exercise Scheme**
2. Search for and select the exercise you’d like to configure
3. Enter the warm-up scheme values, then tap **Done** to save

Warm-up schemes can be customized based on percentages, reps, and reference sets. For example, you might set one warm-up at 40% of your target set, another at 60%, and a final warm-up at 80% for 3 reps before your working sets begin.

## Configure warm-up schemes during an active workout

You can also adjust the warm-up scheme for an exercise while you are in a workout.

1. During a workout, tap the exercise you want to adjust from the top navigation bar
2. In the action bar under the exercise title, tap **Warm Up**
3. Select the **Scheme** toggle
4. Make adjustments to the warm-up scheme, then tap the **X** icon when you’re done

**Note:** Changes made here update the warm-up scheme for that exercise going forward.

## Removing warm-up sets from a workout

You can remove individual warm-up sets from the workout at any time.

**Note:** You can remove individual warm-up sets from the workout at any time by tapping the remove button in the warm-up menu, as shown below. Removing a warm-up set does not change your saved warm-up scheme.

## Hide completed sets

You can choose whether completed warm-up sets remain visible in your workout or are hidden behind the **Warm-Up** menu.

Turn **Hide Completed Sets** on or off under:  
**More > Workout > Warm-Up**

## Read next:

Now that you’ve learned how to remove or add smart warm-ups, you might enjoy one of these articles next:

[Understanding Smart Progressions](https://help.macrofactorapp.com/en/articles/305-understanding-and-using-smart-progressions)  
[How to Log a Workout](https://help.macrofactorapp.com/en/articles/310-how-to-log-a-workout)  
[Workout Settings and Preferences](https://help.macrofactorapp.com/en/articles/322-customizing-workout-sections)"
General,Understanding and Using Smart Progressions,https://help.macrofactorapp.com/en/articles/305-understanding-and-using-smart-progressions,"Smart Progression automatically adjusts your weights and reps during a program based on your performance, RIR targets, and rep ranges. This helps provide more accurate recommendations for the ranges you are aiming to hit, rather than relying on guesswork. Instead of deciding how much weight to use or how many reps to target, the app calculates those values for you.

**Note #1:** The app does not make immediate weight recommendations. You will need to log your training before Smart Progression begins generating recommendations.

**Note #2**: Smart Progression works with both generated programs and programs built from scratch. For programs built from scratch, recommendations are based on the [targets you set](https://help.macrofactorapp.com/en/articles/286-create-a-new-program-via-build-from-scratch) (such as reps and RIR).

## **How to turn smart progression on or off**

1. Go to **More** > Feature Settings > **Workout**
2. Under **Smart Progression**, toggle **Apply in session** on or off.

   ![](https://staticfiles.gleap.io/gattachments/OYUX8FDuThVcUM57MtCmmLUg7iBKhjluQNLhgWAlraXGMhBX0FWWymhEAx6ZuQyhjff2St2iAIq.png)

## **Initial log fill behavior**

Smart Progression can also control how your workout logs are pre-filled based on your workout history and goals or using your previous logged weight.

1. Go to **More** > Feature Settings > **Workout**
2. Scroll to **Smart Progression**.
3. Beside **Initial log fill**, tap **Edit**.

   ![](https://staticfiles.gleap.io/gattachments/FuEiRKv2W8CH2etE8o5UIfQcCDV95Z3DyQWugaBcIRUuUNn1o7yziMvyakA1WoxuX9xR1NohAVm.png)
4. Choose **Smart Progression** values to pre-fill based on your workout history and goals, or **Previous values** to use your last logged workout.

## **Expand Rep Range & Weight Match**

1. Go to **More** > Feature Settings > **Workout**
2. Scroll to **Smart Progression**.

You’ll find two available options:  
  
**Expand Rep Range** - When enabled, this will allow Smart Progression to widen your target rep range when adding or lowering weight alone can’t achieve an optimal result.  
  
For example, let’s say during your last session, you performed 100 lb x 8 reps.  
  
The next time you perform this exercise, if the next weight jump is too large to produce an optimal target, the app may try 100 lb x 9 reps instead of forcing 105 lb x 8 reps  
  
When **Expand Rep Range** is *disabled*, Smart Progression will stay within the original target rep range and prefer changing weight when possible.  
  
**Weight Match** - Prefer matching the previous set’s weight when possible.

For example, let’s say during your last session, you performed 100 x 8 reps. If matching the previous weight can still produce a good target, the app may try 100 lb x 9 reps, instead of 105 lb x 8 reps.

![](https://staticfiles.gleap.io/gattachments/o0u06APfmegQkyx0I30GDmS0fBTjXqsXlW543siTCagG6HFgDOoUyNNrUGPu0C9A2U5IrH1kal9.png)

## **Fixing smart progression warnings or errors**

In some cases, Smart Progression may flag a suboptimal result for a set. This means there is a restriction in your program setup or available equipment that prevents the algorithm from making an optimal recommendation. For example, this can occur when your rep range, RIR target, or available equipment limits possible load selection.

When this happens, **you will see a yellow icon on the Smart Progression wand** in the action bar.

1. Tap the **Smart Progression wand**.

   ![](https://staticfiles.gleap.io/gattachments/wvjAwbDKFI6oYpERUcOz6t28A5aNETfgklhm6gCuar5nHjH8limkTnNbEUCCE4CZeZVPXNpDxmo.png)
2. Tap **Fix** on the Smart Progression warning.

   ![](https://staticfiles.gleap.io/gattachments/kujVgQttbQXjnT2AHWhhFk3RSYfB2WDYkUtdfblA77nMryoAV9hJ2MIcw4dXh8J1FKDldMM0TuT.png)
3. Review the suggested options. In this instance, you have the option to use a fixed-weight straight bar or you can edit your equipment if you have better increment optoins. The app will provide one or more recommended fixes with adjusted weight and rep combinations. When you’ve decided, select the option that best fits your intent, and the workout will update automatically.

   ![](https://staticfiles.gleap.io/gattachments/TnSjSy1MDSd9WltsPNfnHIw0Z7fZjXNmLOYZSZ1Az7zFHRVPLvkIgCFwojY48SuUwOQOebJ5yfv.png)

In some cases, Smart Progression may show a message such as “Progression unavailable within target rep range.” This means the app could not generate a weight recommendation that keeps the next set within the programmed rep range based on your recent performance.

For example, imagine an exercise programmed for 8–10 reps at 2 RIR. If your previous set was 15 reps at the same RIR, increasing the weight enough to reflect that performance might drop the next set below the 8-rep minimum. Because the system cannot generate a recommendation that stays within the programmed range, the Fix wand may appear.

Depending on the situation, the wand may offer different solutions. In some cases, you may see “Get new workout targets,” which recalculates the targets for the workout based on your recent performance. In other situations, the wand may suggest alternative fixes, such as adjusting the weight manually or accepting a recommendation that falls outside the target rep range.

If you encounter these warnings frequently, it may indicate that your logged performance no longer aligns well with the current program targets. In those cases, adjusting parts of your program may help resolve the issue, such as:

* [Adjusting the rep range](https://help.macrofactorapp.com/en/articles/294-change-minimum-and-maximum-reps-for-exercises-in-a-program) for the exercise (making it larger).
* [Changing the RIR](https://help.macrofactorapp.com/en/articles/293-setting-rir-for-exercises-in-a-program) target.
* [Update your gym equipment settings](https://help.macrofactorapp.com/en/articles/300-set-up-your-gym-profiles) to reflect a wider range of weight increments.

## Read next:

Now that you’ve learned how to use smart progressions, you might enjoy one of these articles next:

[How Do I Know What Weight to Start With?](https://help.macrofactorapp.com/en/articles/377-how-do-i-know-what-weight-to-start-with)  
[Why Does The App Recommend Lowering The Weight When I Feel Like I Could Do More?](https://help.macrofactorapp.com/en/articles/373-why-does-the-app-sometimes-recommend-lowering-weight-or-reps)  
[What Should I Do if I Realize Mid-Workout I Cannot Perform an Exercise?](https://help.macrofactorapp.com/en/articles/383-what-should-i-do-if-i-realize-mid-workout-that-i-cannot-perform-an-exercise)"
General,What Does the Smart Progression Wand Mean?,https://help.macrofactorapp.com/en/articles/391-what-does-the-smart-progression-wand-mean,"The [smart progression](https://help.macrofactorapp.com/en/articles/305-understanding-and-using-smart-progressions) wand appears when MacroFactor Workouts is providing context about an exercise recommendation or making an adjustment based on your logged performance.

Tapping the wand opens an explanation of why a recommendation was made and what the app is responding to based on your logged performance and recent workouts.

## **What do the smart progression wand colors mean?**

### **Blue wand**

A blue wand is an **informational notice**. It means the app is providing additional context about a recommendation or explaining how Smart Progression is interpreting your recent sets. No action is required.

You can follow the recommendation as shown or make changes based on your preference.

![](https://staticfiles.gleap.io/gattachments/mYcstdkfgdSIjdqT7p6ErRzQjWWuyOTRfJsXn1WQkCW9pwiZgLRDTXxB3sd2oKQ2gjYTDQpJ16q.png)

### **Yellow wand**

A yellow wand highlights an adjustment you may want to review.

![](https://staticfiles.gleap.io/gattachments/oLgIKMae8tRYBO9TC8zP5ZkhdGIQNcce0e4ZRX8fJPa96DHRxlU8OpzXbGIoiTnCM24eFs7RBNe.png)

This typically appears when Smart Progression makes a recommendation that differs from what you might expect, such as a larger change in reps or weight.

A yellow wand does **not** mean something is wrong. It is simply a prompt to check the explanation and decide whether you want to accept or adjust the recommendation.

**Red Wand**

A red wand appears when the equipment needed to perform the recommended set is not available in your current gym profile. You can either adjust the weight or machine manually or [update your gym equipment settings](https://help.macrofactorapp.com/en/articles/300-set-up-your-gym-profiles) so the recommendation can be completed.

![](https://staticfiles.gleap.io/gattachments/GrRtcFMUib3FXPIi0x5i59v4HMzcWOePdqoEC39txRSDSNDRyrUZKl0mHmmghguyrWZYCzRIOWA.png)

## **How to use the smart progression wand**

1. Tap the wand icon next to the exercise.
2. Read the explanation for the recommendation or adjustment.
3. Decide whether to follow the suggestion or modify the weight or reps.
4. Log what you actually perform. Smart Progression will adapt based on your logged sets.

Ultimately, the Smart Progression wand is a communication tool. Blue wands provide information, while yellow wands flag adjustments worth reviewing and red wands alert to missing equipment.

## Read next:

Now that you’ve learned what the smart progression wand means, you might enjoy one of these articles next:

[Understanding and using smart progressions](https://help.macrofactorapp.com/en/articles/305-understanding-and-using-smart-progressions)

[Changing RIR during logging](https://help.macrofactorapp.com/en/articles/314-changing-rir-during-an-active-workout)

[Why does the app sometimes recommend lowering weight or reps?](https://help.macrofactorapp.com/en/articles/373-why-does-the-app-sometimes-recommend-lowering-weight-or-reps)"
General,Archive or Restore a Program,https://help.macrofactorapp.com/en/articles/306-archive-or-restore-a-program,"Archiving a program lets you remove it from your active workout library without deleting it. This can be useful if you are rotating training blocks or cleaning up your library while keeping programs you may want to use again in the future.

**To archive a program:**

1. Go to the **Workout** tab.
2. Swipe left on the program you want to archive.
3. Tap the **folder icon** to archive the program.
4. The program will be removed from your current workout library and moved to your archive.

**To restore a program:**

1. Go to the **Workout** tab.
2. Under **More**, tap **Archive**.
3. Swipe left on the program you want added back to your workout library.
4. Tap the **folder icon** to unarchive the program.
5. The program will return to your workout library.

## Read next:

Now that you’ve learned how to archive or restore a workout, you might enjoy one of these articles next:

[Viewing Past Workouts](https://help.macrofactorapp.com/en/articles/339-viewing-past-workouts) [Editing Past Workouts](https://help.macrofactorapp.com/en/articles/340-editing-past-workouts)  
[Duplicate a Program](https://help.macrofactorapp.com/en/articles/290-duplicate-a-program)"
General,What Does the “Update Program” Toggle Do?,https://help.macrofactorapp.com/en/articles/395-what-does-the-update-program-toggle-do,"The Update Program toggle controls whether the changes you make during a workout should apply only to the current session or to your program moving forward.

This helps you decide whether you are making a temporary adjustment or editing the program itself.

**Note:** The Update Workout Plan option will only appear after you complete your workout and only if you made changes to the workout structure during the session. If no structural changes were made, the option will not appear.

![](https://staticfiles.gleap.io/gattachments/RJ5S9LRBVlnz1X9QyoD3UkAqCpYGE3xOCcvQIYACa8Ujlquk8dKPK8aZJwfJ0pCEVwIS349q5h6.png)

## When Update Program is toggled off

When the toggle is **off**, your edits apply **only to the current workout session.**

This is useful if something needs to change temporarily, such as:

* Equipment is unavailable
* You want to adjust difficulty for one session
* You want to experiment with a new exercise or swap but **do not** want to change the program permanently

After the workout ends, the program will still follow its original structure if you do not toggle on to update the program. 

## When Update Program is toggled on

When the toggle is on, changes you make will update your program going forward. However, some updates take effect immediately, while others may not appear until a new program cycle begins.

For instance, let’s say you [swap an exercise](https://help.macrofactorapp.com/en/articles/299-swap-exercises) in during your workout. Because the exercise is being replaced with a new one, all future instances of that exercise will change. From that point forward, the new exercise will appear in your program (again, if you want to update the program). 

However, some changes behave differently. For example, if you update something like RIR to go to failure during a cycle, you may only want that change to apply to that cycle of training. In that case, the update will apply to the current cycle but may not carry forward to the next cycle until the program repeats. Because of this, some changes that apply to a specific cycle may not automatically appear in the next cycle until the program completes and repeats, while other changes update immediately.

**Note:** If you want targets such as [RIR](https://help.macrofactorapp.com/en/articles/293-setting-rir-for-exercises-in-a-program) or [rep ranges](https://help.macrofactorapp.com/en/articles/294-change-minimum-and-maximum-reps-for-exercises-in-a-program) to change for the entire program, you will need to edit those settings in the main program editor.

### Smart Progression still works outside of program updates

Even if you do not update the program, the app still uses your logged sets to improve recommendations over time with [Smart Progression](https://help.macrofactorapp.com/en/articles/305-understanding-and-using-smart-progressions). In short, you do not need to update your program in order for Smart Progression to work.

Read next:

Now that you understand how the Update Program toggle works, you might enjoy one of these articles next:

[Swap Exercises](https://help.macrofactorapp.com/en/articles/299-swap-exercises)

[How Can I Customize Periodization (RIR, reps, and sets) for Exercises in My Program?](https://help.macrofactorapp.com/en/articles/389-how-can-i-customize-periodization-rir-reps-and-sets-for-the-exercises-in-my-program)

[What Does the Smart Progression Wand Mean?](https://help.macrofactorapp.com/en/articles/391-what-does-the-smart-progression-wand-mean)"
General,What Happens When your Program Ends?,https://help.macrofactorapp.com/en/articles/396-what-happens-when-your-program-ends,"When you finish the final block of your active program, the app marks the block as complete and gives you two options.

### Repeat program block

Select **Repeat Program Block** if you want to run the same program again.

This restarts the block using the same structure, exercises, and schedule. This can be useful if you are still progressing and want to continue with the same program.

### Complete program

Select **Complete Program** if you want to move on from the current program.

After completing the program, you can:

* generate a new program
* create a program from scratch
* import a program

### What happens to your previous workouts?

Completing a program does not delete your workout data.

All of your logged workouts, sets, reps, and weights remain saved in your workout history and performance insights. This allows you to review past training even after starting a new program.

## Read next:

Now that you know what happens when your program ends, you might enjoy one of these articles next:

[Create a New Program Via Smart Generation](https://help.macrofactorapp.com/en/articles/285-create-a-new-program-via-smart-generation)

[Create a New Workout](https://help.macrofactorapp.com/en/articles/307-create-a-new-workout)

[Seeing Detailed Stats and Data for Each Exercise](https://help.macrofactorapp.com/en/articles/334-seeing-detailed-stats-and-data-for-each-exercise)"
General,Create a New Workout,https://help.macrofactorapp.com/en/articles/307-create-a-new-workout,"Building a workout from scratch lets you create a single workout manually and really personalize your training experience. 

1. Tap the **+** button in the center of the bottom navigation.
2. Tap **New workout**, then tap **Next**.
3. Select **Build from scratch**, then tap **Next**.
4. Enter a name for your workout.
5. Select the gym profile you want to use.
6. You will be taken to the exercise selection screen. If you need to create custom exercises, do so before starting workout creation.
7. Tap **+** next to **0 Exercises** to add exercises to your workout.
8. Tap **Add Exercises**.
9. Search for the exercises you want to include.
10. Tap the **+** button next to each exercise to add it to your workout. The number in the top-right corner updates as exercises are added.
11. When finished, tap **Done**.
12. You will be taken to a recap screen showing your workout layout.
13. To edit individual exercises, such as creating supersets or adjusting targets, tap the three dots next to the exercise.
14. To add more exercises, tap the **+** button on the right side of the screen. To remove an exercise, tap the three dots next to the exercise, then tap **Remove from workout**.
15. When finished, tap **Save to Library**.

## Read next:

Now that you’ve learned how to create a new workout, you might enjoy one of these articles next:

[How to Start a Workout](https://help.macrofactorapp.com/en/articles/309-how-to-start-a-workout)  
[Create an Empty Workout](https://help.macrofactorapp.com/en/articles/308-create-an-empty-workout)  
[How to Log a Workout](https://help.macrofactorapp.com/en/articles/310-how-to-log-a-workout)"
General,Create an Empty Workout,https://help.macrofactorapp.com/en/articles/308-create-an-empty-workout,"The empty workout feature lets you create a quick, one-off workout. It’s useful if you want to train outside a program, try new exercises, or log a single session.

1. Go to the **Workout** tab.
2. Under **More**, tap **Empty Workout**.
3. Tap the **+** button > **Add Exercises**.
4. After adding all exercises to your workout, tap **Done**.
5. At the top of the screen, review the following information:

   * **Target muscles:** Displays the muscle groups targeted by the exercises you add.
   * **Total exercises**: Shows the total number of exercises in the workout.
6. When you are ready, tap **Start Workout** or **Save Workout Plan** at the bottom of the screen.

### Gym selection

To update your gym profile for your empty workout, tap your gym profile icon at the top of the screen next to the three-dot setting icon. You can also add a new gym profile by tapping **Manage** **Gym Profiles** > **Add New Gym Profile** > **Save**.

### Workout options menu

Tap the three-dot icon in the top-right corner to access additional options:

* **Swap gym for workout:** Change the gym profile used for the workout.
* **Reset workout:** Clear time, sets, weights, and any other changes made to the workout.
* **Export workout:** Save an .xlsx file for the workout.
* **Archive Workout:** Moves your workout to your archive.
* **Delete Workout:** Deletes your workout.

## Read next:

Now that you’ve learned how to create an empty workout, you might enjoy one of these articles next:

[Create a New Workout](https://help.macrofactorapp.com/en/articles/307-create-a-new-workout)  
[Logging a Workout](https://help.macrofactorapp.com/en/articles/310-how-to-log-a-workout)  
[Swap Exercises](https://help.macrofactorapp.com/en/articles/312-swap-exercises)"
General,How to Start a Workout,https://help.macrofactorapp.com/en/articles/309-how-to-start-a-workout,"**For a workout in a program:**

1. Go to the **Workout** tab.
2. Locate the program that contains the workout you want to begin.
3. **Tap the arrow** to expand the program block if it is collapsed.

   ![](https://staticfiles.gleap.io/gattachments/w5AEfL8gDBoJXt1NPV2P0eB3xPwEmxMmbQpZDgfmiCelROCoiEDjaNq4456YcVqH0LzKErXGBY8.png)
4. Tap the workout you want to begin. You will see a preview showing target muscles, total exercises, estimated duration, and rep details.
5. Tap **Start Workout** at the bottom of the screen to begin the session.

![](https://staticfiles.gleap.io/gattachments/hyf0eiAYcCjqgXHilkKKuRbPussfH4ZDw4YCxfUY12R5ggQDYBgwF2xvlsGN5eSZ9RLaasikYHj.png)

**For a single workout:**

1. Go to the **Workout** tab.
2. Locate the workout you want to begin in your workout library. 

   ![](https://staticfiles.gleap.io/gattachments/U02B4ENGgTi0BkIQJYaUhDBolFoXgt3CdHKfOgR1nOVKznqnnOuWgxLrMIamI12v2WMsL1rNTr6.png)
3. Tap the workout you want to begin. You will see a preview showing target muscles, total exercises, estimated duration, and rep details.
4. Tap **Start Workout** at the bottom of the screen to begin the session.

   ![](https://staticfiles.gleap.io/gattachments/3ERicDvFYRKfvqTiyWh0olrrxgyOZdmaxZcr2ltIYsKKlx8V2nyojGwESGX1GN63UZsie4CugIi.png)

## Read next:

Now that you’ve learned how to start a workout, you might enjoy one of these articles next:

[How to Log a Workout](https://help.macrofactorapp.com/en/articles/310-how-to-log-a-workout)  
[Pause or Resume a Session](https://help.macrofactorapp.com/en/articles/319-pause-or-resume-a-session)  
[Create a Empty Workout](https://help.macrofactorapp.com/en/articles/308-create-an-empty-workout)"
General,How to Log a Workout,https://help.macrofactorapp.com/en/articles/310-how-to-log-a-workout,"If you’re not sure how to start a workout, [you can read about that here](https://help.macrofactorapp.com/en/articles/309-how-to-start-a-workout). Once you start a workout, a logging screen opens. This screen is designed to keep everything you need visible while you train.

### Timers at the top of the screen

At the top of the screen, you’ll see two timers:

* The duration timer on the left starts at zero and tracks the duration of the workout.

  ![](https://staticfiles.gleap.io/gattachments/yfn7qWAlMMqCERLECL6EjxNQkJSnJobrNwie45T09pBiAEGeTPEU4fZCqRdWEfxhOnn6f5fHzzY.png)
* The [rest timer](https://help.macrofactorapp.com/en/articles/303-change-default-rest-timers) on the right starts after you complete a set. 

  ![](https://staticfiles.gleap.io/gattachments/IdJIG7nHxQj4vlqpZEkSXUtEnm6apxKhudUyYZos4wI8Pnv7j666f4ILeWrA2ktwVepNMlTo1oE.png)

  + **Tap the rest timer** in the top-right corner to add or subtract 10 seconds.

    ![](https://staticfiles.gleap.io/gattachments/Z7xGIQKL7pihhldT1HFE05liR1dqGKoEyy5Y1MEyH06smZG4ZgoIw0CHHzZLiD25g69khGRvdr9.png)
  + Restart the timer using preset intervals, including 15-second increments up to three minutes.

### Exercise focus and action bar

Below the timers, you will see the exercise you are currently performing, along with an action bar that provides quick access to exercise-related options.

![](https://staticfiles.gleap.io/gattachments/crZvg5ama7P0k4DnoQw7kYBEvBCAKPrCpNhMf7xfBiYgqiOQLZZ6VG55WWwizC9IFNrpaAljVKl.png)

The first exercise in your workout is highlighted automatically.

Directly below the header, you will see the exercise name and current set, for example, “Weighted Chest Dip, Set 1 of 4.”

### How to log sets

The exercise table displays one row per set, with columns for the following:

* **Set number.**
* **Previous Performance**, or **No Previous** if it is your first time performing the exercise.
* **Weight.**
* **Reps.**

After completing a set, enter the weight and reps you performed, then **tap the checkmark** to mark that set as complete. If you accidentally log a set, simply uncheck the box.

![](https://staticfiles.gleap.io/gattachments/6SBNDtRT4ODXnn1s5xd1c4D962QUVh3rIg0UXwy6qspAnmGjHwdLsZrzZUK6SKKgDuPa2dovsC7.png)

### Workout options menu

While you are in a workout, the top-left corner of the screen shows the workout options menu, indicated by a three-line menu icon. Tapping this icon opens a menu that slides up from the bottom of the screen.

![](https://staticfiles.gleap.io/gattachments/jLYm4uijmMwKwEe40XSpPmelwIBwCXKrwE7k4ycWm4dbYFH1Rfb8cw0W64ggV5e3bdDzzUWfYWT.png)

The menu includes the following options:

**Pause workout:** Temporarily stops the workout timer.

**Minimize workout:** Keeps the workout active while allowing you to navigate the rest of the app. The duration timer continues counting.

**Complete workout:** Ends the workout immediately and saves the progress made during the session.

**Workout settings:** Opens the workout settings page. This is the same page found at **More** > Feature Settings > **Workouts**.

**Gym settings:** Opens your gym configuration page. This is the same page accessed through **More** > Feature Settings > **Gym profiles** > Select gym > **Edit gym**.

**Discard workout:** Ends the current workout without saving any progress.

### Moving Between Exercises

Once all sets for an exercise are marked complete, the app automatically advances to the next exercise in the workout. This behavior can be adjusted in **More** > Feature Settings > **Workouts** if you prefer to control progression manually.

![](https://staticfiles.gleap.io/gattachments/icKBO9FthWCuzRorQ1jVCch0iKNTLvd1yFd4YH2rNdpgiKBgeQUF3mF1sRxRL5hY55GhGqDOE4w.png)

### After You Complete a Workout

When you finish logging your last set and tap **Complete Workout**, you’ll be taken to the workout summary screen. This screen provides a quick overview of what you just completed and takeaways from the session.

![](https://staticfiles.gleap.io/gattachments/hGOFqJDRaW2sbZ4tyMbhm8Ra63p7wyR0fFkfaHmgK5VuDfuTbYiAABqzdFqls7UHvDJiIveLpyA.png)

### Muscle groups trained

You’ll see a front and back body map highlighting the muscle groups trained during the workout. This reflects what you actually logged.

### Personal records and highlights

If you set any records during the session, such as volume, reps, or estimated strength, they will appear here. Workout Details You can review key session details, including:

Total workout volume   
Workout duration   
Start time

You’ll also see a breakdown of each exercise, showing the sets, reps, and weights logged for that workout. From here, you can also review or edit entries if

![](https://staticfiles.gleap.io/gattachments/dWfZHiaEglGSHwRlkikvumllA8nr1q5fVJUm6Zw84xy0mMKnND3rlW3FXcuRHOLb1FKXDUSSWvf.png)

Once everything looks good, tap **Done** to exit the summary. Your workout is saved, and performance data is logged.   
  
Read next:

Now that you’ve learned how to log a workout, you might enjoy one of these articles next:

[Changing RIR During Logging](https://help.macrofactorapp.com/en/articles/314-changing-rir-during-an-active-workout)  
[Logging Different Types of Sets](https://help.macrofactorapp.com/en/articles/317-logging-different-types-of-sets)  
[Changing Rest Time During a Workout](https://help.macrofactorapp.com/en/articles/320-changing-rest-time-during-a-workout)"
General,Remove or Add Smart Warm-Ups,https://help.macrofactorapp.com/en/articles/311-remove-or-add-smart-warm-ups,"Smart warm-ups help improve performance by automatically calculating warm-up weights and reps for your session. They also help ease you into heavier sets without overdoing it. The app does this by scaling warm-up sets based on the exercise and your current working loads.

Warm-ups are automatically added to each exercise in your workouts based on the selected scheme. **By default, smart warm-ups are enabled.**

**Option 1:**

1. Go to **More** > Feature Settings > **Workouts.**
2. Scroll down to **Add Smart Warm-Ups** and toggle it on or off depending your preference.

**Option 2:**

1. Go to the **Workout** tab.
2. Start a workout.
3. Tap the exercise you want to add a warm-up to from the top navigation bar.
4. In the action bar, under the exercise title, tap **Warm Up**.
5. This will instantly add a warm-up set.
6. Swipe left on the warm-up set and tap the red button to remove a warm-up set.

**Option 3:**

1. Go to the **Workout** tab.
2. Start a workout.
3. Tap the three horizontal lines in the top-left corner of the screen.
4. Select **Workout Settings**.
5. Under **Warm-Up**, toggle **Add Smart Warm-Ups** on or off.

## Read next:

Now that you’ve learned how to remove or add smart warm-ups, you might enjoy one of these articles next:

[Understanding Smart Progressions](https://help.macrofactorapp.com/en/articles/305-understanding-and-using-smart-progressions)  
[How to Log a Workout](https://help.macrofactorapp.com/en/articles/310-how-to-log-a-workout)  
[Logging Different Types of Sets](https://help.macrofactorapp.com/en/articles/317-logging-different-types-of-sets)"
General,Using the Plate Calculator,https://help.macrofactorapp.com/en/articles/313-using-the-plate-calculator,"The plate calculator helps you load a barbell based on the total weight you want to lift. It automatically determines which plates to use, so you do not need to do plate math during your workout.

### How the Plate Calculator Works

When you enter the weight for your set, the app assumes you are entering the entire weight on the bar, including the bar itself. The app then calculates how to load that weight using the selected bar and the plate increments available at your gym.

### Example

If your bar weighs 45lb and you enter 135lb, the app assumes you want a total barbell weight of 135lb. That means it will suggest 90lb of plates total (135 - 45 = 90), or 45lb per side. This is typically shown as one 45lb plate on each side.

![](https://staticfiles.gleap.io/gattachments/SiXknEVsLVBz7YT5SMGRviuZi0SQCBfBRSrqaPiBds1izTBCdIQ6qOpCNosQK578UYbmy01Klgb.png)

In short, the plate calculator is not asking which plates you put on the bar. You enter the target weight, *and the app tells you how to load the bar.*

### Using the Plate Calculator During a Workout

1. Enter the total weight you want to lift in the weight field (lb or kg).
2. The plate calculator will automatically display the number of plates required per side at the top of the calculator.
3. Load your bar according to the suggested plate combination.

### Example

If you are using a 45lb bar and you enter 100lb:

The app subtracts the bar weight.

It calculates 55lb of plates.

It displays a plate combination such as two 25lb plates and two 2.5lb plates.

![](https://staticfiles.gleap.io/gattachments/XpH1t5Nn96p4Z9LuBTFaFEwbkxMUngmgGGgREtnOhRrvPbBnnxtzoyzDYjMbxGCBE9PgmvdcYhB.png)

### Editing Equipment Settings

You may want to edit the exercise equipment used by the plate calculator if you see an error saying you do not have the equipment needed to load a specific weight. This usually happens when the app is trying to build a weight using plate sizes, bar weights, or base equipment settings that do not match what you actually have access to. If you update the equipment settings for that exercise or gym profile, you help the plate calculator generate load combinations that are possible with your available plates and bars, which resolves the error and lets you see the full plate calculation.

1. Tap the weight field to access the plate calculator.
2. Tap the **plate calculator icon** at the top-left of the calculator. This opens options to change the bar weight or add additional base weight for the exercise.
3. **Tap the settings icon** in the top-right corner.

   ![](https://staticfiles.gleap.io/gattachments/HEJDgOWBe0Kpxyiv7KbhPjeJcTiHoldqLyYuzAj4Vska3dG5BDYaFeL6KR5oj3TGKeS8YD0Ni4Q.png)
4. From here, you can edit base equipment weight, available plate increments, and other equipment settings.

   ![](https://staticfiles.gleap.io/gattachments/2JcNaQKJq7F2hR9TbPYjQNnEQjDzW8NxZ3HECM7DFFFXELS0fXSqSjjqWHBKFdLAaerV3AaPz3k.png)
5. You can also toggle [between pounds and kilograms](https://help.macrofactorapp.com/en/articles/353-changing-unit-preferences) for that specific equipment or exercise.

![](https://staticfiles.gleap.io/gattachments/CaGX2qDzuOurX5Rg21RCyZWEka91GxrGssPoR3N0bryPHXeCyGEwb7G78zNkkqbxia2dmm94l3r.png)

## Read next:

Now that you’ve learned how to use the plate calculator, you might enjoy one of these articles next:

[Editing Gym Profiles](https://help.macrofactorapp.com/en/articles/300-set-up-your-gym-profiles)

[Changing RIR During an Active Workout](https://help.macrofactorapp.com/en/articles/314-changing-rir-during-an-active-workout)

[Changing Unit Preferences](https://help.macrofactorapp.com/en/articles/353-changing-unit-preferences)"
General,Changing RIR During An Active Workout,https://help.macrofactorapp.com/en/articles/314-changing-rir-during-an-active-workout,"While logging a workout, you will see the sets, weight, and reps for the exercise you are performing. Next to the reps for each set, you will see a circled number. This number represents your RIR, or reps in reserve.

RIR reflects how many additional reps you believe you could have completed with that weight on that set. For example, if you want to finish a set with about three reps left in reserve, you would choose a weight and rep target that will allow you to complete the set while still having roughly three more reps available.

### Changing RIR during a workout

1. To change the RIR target for a set, tap the **Reps field**.
2. Select the RIR value you want to use, such as lowering it to 1 or setting it to 0 for technical failure.
3. The selected RIR value updates immediately for that set.

### Adjusting RIR after completing a set

You can also update RIR after the set is completed if the set feels different from what you expected.

For example, you may plan a set of 10 reps at 50lb to reach technical failure. After completing the set, you might realize you could have performed an additional rep or two. In that case, you can update the RIR value to reflect how many reps you believe you had left.

Updating RIR after the set helps the app better understand your actual effort and improves future weight and rep recommendations through Smart Progression.

## Read next:

Now that you’ve learned how to change RIR during logging, you might enjoy one of these articles next:

[Using Smart Progressions](https://help.macrofactorapp.com/en/articles/305-understanding-and-using-smart-progressions)

[Logging Full or Partial Reps](https://help.macrofactorapp.com/en/articles/316-logging-full-or-partial-reps)

[Logging Different Types of Sets](https://help.macrofactorapp.com/en/articles/317-logging-different-types-of-sets)"
General,Understanding Bodyweight Contribution,https://help.macrofactorapp.com/en/articles/315-understanding-bodyweight-contribution,"1. Go to the **Workout** tab.
2. Tap to open any workout.
3. Navigate to an exercise that includes bodyweight resistance. You will see a **green oval icon** with percentages on the right side.
4. Tap the **green oval icon** next to the exercise.
5. The bodyweight contribution menu will open, showing how resistance is calculated.

The bodyweight contribution menu includes the following fields:

* **Scale weight:** Your current recorded body weight.
* **Additional resistance:** Extra weight added to the exercise.
* **Percentage:** The portion of total resistance coming from your body weight.

The displayed scale weight is automatically populated from your most recently recorded value. You can edit it by tapping **Edit Scale Weight**, entering a new value, and tapping **Save**. Changes update immediately.

If you prefer not to see bodyweight contribution, go to **More** > Feature Settings > **Workouts** > **Bodyweight contribution**, then toggle it off.

## Read next:

Now that you’ve learned about body weight contribution, you might enjoy one of these articles next: 

[Using the Plate Calculator](https://help.macrofactorapp.com/en/articles/313-using-the-plate-calculator)  
[How to Log a Workout](https://help.macrofactorapp.com/en/articles/309-how-to-start-a-workout)  
[See Exercise Info](https://help.macrofactorapp.com/en/articles/298-see-exercise-information)"
General,Logging Full or Partial Reps,https://help.macrofactorapp.com/en/articles/316-logging-full-or-partial-reps,"When logging a workout, you can log reps as either full or partial.

This option exists for several reasons. For example, you may miss your intended rep target and finish a set with less strict reps. In other cases, partial reps are intentional and used as part of a training strategy, such as extending a set past failure.

Logging partial reps lets you record what actually happened during a set instead of forcing all reps to be logged the same way. This provides a clearer picture of your performance and helps [Smart Progression](https://help.macrofactorapp.com/en/articles/305-understanding-and-using-smart-progressions) better interpret fatigue and results.

### How to log partial reps

While logging reps for a set, look below the RIR selector near the checkmark.

While logging reps for a set, look below the RIR selector near the checkmark. You will see two options:

* **F:** Full reps.
* **P:** Partial reps.

1. Tap **P** to enable partial rep logging (or the **F** to untoggle back to standard).
2. Enter the number of full reps and partial reps you completed.
3. Tap the checkmark to save the set and move on to the next set or exercise.

## Read next:

Now that you’ve learned how to log full or partial reps, you might enjoy one of these articles next:

[Logging Different Types of Sets](https://help.macrofactorapp.com/en/articles/317-logging-different-types-of-sets)

[Changing RIR During An Active Workout](https://help.macrofactorapp.com/en/articles/314-changing-rir-during-an-active-workout)

[Viewing Exercise Performance Over Time](https://help.macrofactorapp.com/en/articles/344-viewing-exercise-performance-over-time)"
General,Logging Different Types of Sets,https://help.macrofactorapp.com/en/articles/317-logging-different-types-of-sets,"## Set Types in Workouts

MacroFactor Workouts supports several different set types. Each set type reflects a specific training intent and can affect how the set behaves when you log it during a workout.

**You can read more details about each training type** [**here**](https://help.macrofactorapp.com/en/articles/379-what-are-myo-reps-drop-sets-and-failure-sets)**.**

## **Selecting different set types**

When creating a program or workout, or during an active workout, you can select different set types by tapping the set number.

![](https://staticfiles.gleap.io/gattachments/ExOkHfTUsDmbqamV60QfhDeq5YGnB0lb0YsitMLucfD8CWhQWrHhOH7de6cUUzPhvBfE8OjBMoI.png)

Tapping the set number will bring up different set types.

![](https://staticfiles.gleap.io/gattachments/XECuty0zFoVFvKDqeCZvo5MLh2nrzEMIcWatNgIsLvgOEdsfpujWV3YUNX6vSV2RBIgx492Zz7w.png)

### **Standard set**

This is the default set type with a fixed weight and target rep range. You enter the weight and reps you performed, then mark the set as complete.

### **Warm-up set**

A lighter set used to prepare for heavier working sets.

Warm-up sets are labeled with a **W**. The weight is lower than your standard working sets and is intended to help you ease into heavier loads.

![](https://staticfiles.gleap.io/gattachments/AdT3zVplIsXnnn1QMrjFKhEFOZf5uZddXQNIvJqfWlDmmkyII99FdgdaLRq4L5TaWYlk75E4hDm.png)

### **Drop set**

A set where you continue repping with progressively lighter weights after reaching failure or near failure at a heavier load.

[Drop sets](https://help.macrofactorapp.com/en/articles/379-what-are-myo-reps-drop-sets-and-failure-sets) are labeled with a **D** and appear as a single set with multiple weight and rep entries. You log each weight decrease, and all entries are grouped together as one set.

![](https://staticfiles.gleap.io/gattachments/5p3x2rH8zPdNJFc6yXpQYjDAPTyVKc7kYgRRcqdMevMaDSWqmwUl4pGOCFskaqVeqPwr9yYfQbc.png)

### **Myo set**

A set where you perform an initial set, then continue repping with the same weight after very short rest periods.

[Myo sets](https://help.macrofactorapp.com/en/articles/379-what-are-myo-reps-drop-sets-and-failure-sets) are labeled with an **M**. You can log multiple brief rest-pause efforts at the same weight. Each entry represents another continuation, and all entries are grouped together.

![](https://staticfiles.gleap.io/gattachments/rKvkXPKPlkwsfc0qdm1XI4xmbeme7gwaYRYVm5HMw6y4BzCqsS6AfkmNhG03jVM0Y7SY32hQw1T.png)

### **Failure set**

A set performed until you can no longer maintain proper form for the exercise, also known as technical failure.

[Failure sets](https://help.macrofactorapp.com/en/articles/379-what-are-myo-reps-drop-sets-and-failure-sets) are labeled with an **F**. You log the weight and reps at an RIR of zero to indicate the set was taken to technical failure.

![](https://staticfiles.gleap.io/gattachments/h6ozzGsJRGsWRGdTfQKp5zuMGtzlkADkwBkiOSTOzdECnz48wOiB4haaUfY9OUzqRtOSKCed7D4.png)

## Read next:

Now that you’ve learned how to log different types of sets, you might enjoy one of these articles next:

[What Are Myo Reps, Drop Sets, and Failure Sets?](https://help.macrofactorapp.com/en/articles/379-what-are-myo-reps-drop-sets-and-failure-sets)  
[Changing RIR during logging](https://help.macrofactorapp.com/en/articles/314-changing-rir-during-an-active-workout)  
[Understanding Smart Progressions](https://help.macrofactorapp.com/en/articles/305-understanding-and-using-smart-progressions)"
General,Edit or Delete a Workout,https://help.macrofactorapp.com/en/articles/318-edit-or-delete-a-workout,"Go to the **Workout** tab, scroll down to **Workout History**.

### **To edit a workout**

1. Tap the workout you want to edit.
2. Under **Workout Details,** next to **Edit Workout**, tap **Edit**.
3. From here, you can make any changes needed.
4. Tap the exercise you want to update in the top navigation bar.
5. To edit weight, reps, or RIR, uncheck the box next to the set you want to update.
6. When finished, check the box again.
7. Tap the checkmark in the top-right corner to save your changes.
8. You can also edit the training duration from this screen.

### **To delete a workout**

1. Go to the day containing the workout you want to delete.
2. Swipe left on the workout to reveal the **trash icon**.
3. Tap the **trash icon** to delete the workout.
4. Tap **Delete Workout** when prompted. The workout will then be deleted.

## Read next:

Now that you’ve learned how to edit or delete a workout, you might enjoy one of these articles next:

[Viewing Past Workouts](https://help.macrofactorapp.com/en/articles/339-viewing-past-workouts)  
[Archive or Restore a Workout](https://help.macrofactorapp.com/en/articles/324-archive-or-restore-a-workout)  
[Create a New Workout](https://help.macrofactorapp.com/en/articles/307-create-a-new-workout)"
General,Pause or Resume a Session,https://help.macrofactorapp.com/en/articles/319-pause-or-resume-a-session,"It’s possible that during your workout you may want to pause your session or minimize it to do other activities within the app or on your phone.

### To pause or minimize a workout

1. While in an active workout, tap the three horizontal lines in the top-left corner.
2. Select **Pause workout**.

From this menu, you’ll also see options to minimize your workout so it stays accessible at the bottom of the screen.

For example, if you realize you need to [create a custom exercise](https://help.macrofactorapp.com/en/articles/328-how-to-create-a-custom-exercise) that does not exist yet, you can pause and minimize your workout, create the custom exercise, then return to your workout. The new exercise will be available to search and add when you resume the session.

### To resume a workout

1. Return to your workout.
2. Tap the three horizontal lines in the top-left corner.
3. Select **Resume workout**.

## Read next:

Now that you’ve learned how to pause or resume a session, you might enjoy one of these articles next:

[How to Log a Workout](https://help.macrofactorapp.com/en/articles/310-how-to-log-a-workout)  
[Create an Empty Workout](https://help.macrofactorapp.com/en/articles/308-create-an-empty-workout)  
[Customizing Workout Sections](https://help.macrofactorapp.com/en/articles/322-customizing-workout-sections)"
General,Changing Rest Time During a Workout,https://help.macrofactorapp.com/en/articles/320-changing-rest-time-during-a-workout,"After you finish logging a set, the default rest timer starts counting down in the top-right corner of the screen. If you want to adjust the rest time, you have a few options:

1. Tap the rest timer in the top-right corner.

   * Add or subtract 10 seconds.
   * Restart the timer using preset intervals, including 15-second increments up to three minutes.
2. After you select a new rest time, the rest timer menu closes and returns you to your workout.

If you want to change the default rest timer for an exercise or style of lift, you can find instructions [in this article.](https://help.macrofactorapp.com/en/articles/303-change-default-rest-timers)

## Read next:

Now that you’ve learned how to change your rest time during a workout, you might enjoy one of these articles next:

[Change Default Rest Timer](https://help.macrofactorapp.com/en/articles/303-change-default-rest-timers)  
[Logging a Workout](https://help.macrofactorapp.com/en/articles/310-how-to-log-a-workout)  
[Customizing Workout Sections](https://help.macrofactorapp.com/en/articles/322-customizing-workout-sections)"
General,Supersetting Exercises,https://help.macrofactorapp.com/en/articles/321-supersetting-exercises,"A superset is when you perform two exercises back to back with little to no rest between them. In practice, a superset lets you complete one set of Exercise A, immediately move to Exercise B, and then your rest time starts after completing both sets. You would then repeat this for each round of sets. 

### How to create a superset

You can create supersets either before starting your workout or during an active workout session.

**Option 1: Superset before starting a workout**

1. Go to the **Workout** tab.
2. Open the workout day you want to edit, for example, **Workout A**.
3. Tap the three dots next to the exercise you want to superset.
4. Tap **Superset**.
5. Choose whether to superset with the previous or next exercise.
6. If the exercise you want is not adjacent, reorder your exercises so they are next to each other.

When you start your workout, the selected exercises will be grouped as a superset.

**Option 2: Superset during a workout**

1. Go to the **Workout** tab.
2. Start your workout.
3. Navigate to the exercises you want to superset.
4. Use the action bar at the top of the screen and scroll until you see **Superset**, then tap it.
5. Choose whether to superset with the previous or next exercise.
6. If needed, reorder the exercises by clicking and dragging the thumbnails at the top so the correct ones are adjacent.

Once supersets are enabled, you’ll see the exercises grouped together with the rounds indicated beneath them.

### Undoing a superset

1. To remove a superset, tap the **Superset** option again.
2. Select **Detach from superset**.
3. The exercises will return to standard, independent sets.

## Read next:

Now that you’ve learned how to superset exercises, you might enjoy one of these articles next:

[Reorder Exercises in a Program](https://help.macrofactorapp.com/en/articles/296-reorder-exercises-in-a-program)  
[Customizing Workout Sections](https://help.macrofactorapp.com/en/articles/322-customizing-workout-sections)  
[Logging Different Types of Sets](https://help.macrofactorapp.com/en/articles/317-logging-different-types-of-sets)"
General,Customizing Workout Sections,https://help.macrofactorapp.com/en/articles/322-customizing-workout-sections,"This page lets you control how the workout page is organized and displayed.

### Default sections

By default, the Workout tab includes two sections:

* **Active Program**: Displays your currently active program. This section can be toggled on or off.
* **Workout Library**:  Displays all saved workouts and programs. This section is always visible and cannot be removed.

### Customized sections

This area lets you create and manage custom sections on the Workout tab. You can use custom sections to organize workouts by goal or source, such as rehab workouts or programs from specific coaches.

### **To add a section**

1. Go to the **Workout** tab.
2. Under **More**, tap **Customize Sections**.
3. Tap the **+** button in the top-right corner.
4. Enter a section name.
5. Tap **Save**.

### **To reorder sections**

1. Go to the **Workout** tab.
2. Under **More**, tap **Customize sections**.
3. Tap and hold the drag handle next to a section.
4. Drag the section to your desired position.

Once created, you can drag workouts or program blocks into these sections directly from the Workout tab to organize your library the way you prefer.

### **To remove a section**

1. Go to the **Workout** tab.
2. Under **More**, tap **Customize sections**.
3. Scroll to the section you want to remove.
4. Swipe left to reveal the trash can icon.
5. Tap the trash can icon and confirm deletion of the section.

## Read next:

Now that you’ve learned how to customize workout sections, you might enjoy one of these articles next:

[Create a New Workout](https://help.macrofactorapp.com/en/articles/307-create-a-new-workout)  
[Reorder Exercises in a Program](https://help.macrofactorapp.com/en/articles/296-reorder-exercises-in-a-program)  
[Set or Swap Active Programs](https://help.macrofactorapp.com/en/articles/289-set-or-swap-active-programs)"
General,How to Change Equipment Settings to Simplify Weight Recommendations,https://help.macrofactorapp.com/en/articles/390-how-to-change-equipment-settings-to-simplify-weight-recommendations,"If you are seeing weight recommendations like 88.5lb or other odd increments, this is usually due to your gym equipment settings, not a bug or error.

MacroFactor Workouts only recommends weights that match the equipment you indicate you have access to. If your gym profile includes small plates or fractional increments, the app will use those options when generating recommendations.

### **Why are you seeing odd weight recommendations?**

When you set up a gym profile, you select the plates and weight increments available at that gym.

For example, if your gym profile includes 1.25lb or 0.5kg plates, the app assumes you can load those increments and may recommend weights like 88.5lb or other fractional jumps. While these recommendations are mathematically correct based on your settings, you may prefer a simpler loading setup.

**How to change your equipment settings**

You can remove small or fractional increments at any time.

1. Go to **More**.
2. Tap **Feature Settings**.
3. Tap **Gym Profiles**.
4. Select the gym profile you are currently using.

![](https://staticfiles.gleap.io/gattachments/MfhAgX7GeKcdxfdjjIy3pWQsTnmiw6E5HZwS9IV3iutC1Co7FZw4tTIvrFsUpR3aSCTOs37jZND.png)

5. Open **Equipment** or **Weight options**.

   ![](https://staticfiles.gleap.io/gattachments/6PPUeDsSiyZpUcZlEJwJnQ5FBJuZGtYOYvYFsRW7pd2pRXszNgisRBpXuVtCmC1MEwrAlO7ris5.png)
6. Uncheck any plate sizes or increments you do not want, such as 1.25 lb plates.

   ![](https://staticfiles.gleap.io/gattachments/FZJmVbda8WeryVZYAy84uyHwqBLDZEOwp7mUQQqsyC2Ycwz3ck3I6aTMCMjEduZQiZQSVChi1Ax.png)
7. Save your changes.

Once removed, future recommendations will only use the remaining increments.

### **Example of simplifying recommendations**

If you want simpler recommendations, keep only standard plates like 2.5lb, 5lb, 10lb, and higher.

After doing this, recommendations like 88.5lb will no longer appear, and the app will round to the nearest available option based on the equipment you kept.

You can also create multiple gym profiles if you sometimes want access to smaller increments. These smaller jumps can be useful for isolation movements, or for more advanced training where progressions tend to be smaller over time. If that is not your preference, removing them is completely fine.

## More reasons recommendations may look different

Some exercises account for total resistance, not just added plates. This can include the machine’s starting resistance and a portion of your bodyweight.

For example, if a machine has about 50 lb of starting resistance and the exercise involves lifting roughly 10 to 15% of your bodyweight, you may already be working against 70 to 80 lb of total resistance before adding any plates. In that case, a warm-up set with little or no added weight can still represent a meaningful percentage of your working load.

Because this total is calculated behind the scenes, recommendations may sometimes end in unusual decimals, such as .5 or .75. This can happen for both working and warm-up sets, and you can skip or slightly adjust these recommendations if you prefer.

## Read next:

Now that you’ve learned how to change equipment settings to simplify weight recommendations, you might enjoy one of these articles next:

[Set up your gym profiles](https://help.macrofactorapp.com/en/articles/300-set-up-your-gym-profiles)  
[Using the plate calculator](https://help.macrofactorapp.com/en/articles/313-using-the-plate-calculator)  
[Why does the app sometimes recommend lowering weight or reps?](https://help.macrofactorapp.com/en/articles/373-why-does-the-app-sometimes-recommend-lowering-weight-or-reps)"
General,How to Configure Weight Stack Ranges for Pin-Loaded Machines,https://help.macrofactorapp.com/en/articles/403-how-to-configure-weight-stack-ranges-for-pin-loaded-machines,"You can customize the available weights for pin-loaded machines in your gym profile to match the weight stack ranges available in your gym.  
  
This can be helpful because different machines may have different weight ranges and increment patterns. For example, one machine may increase in 5 lb increments from 15 to 25 lb, 10 lb increments from 25 to 55 lb, and 15 lb increments from 55 to 190 lb.

## To edit a machine’s weight stack ranges:

1. Go to **More > Gym Profiles**
2. Tap the pencil icon next to the gym profile you want to edit
3. Locate the machine you’d like to edit and tap **Edit Machine**

Using those steps, you’ll be brought to the weight stack range setup menu for that machine.  
  
Each machine will have a default weight stack range, but your can edit the existing range, add additional ranges manually, add additional ranges using the Scan with AI tool, remove ranges, and add micro adjustments.

![](https://staticfiles.gleap.io/gattachments/PypRsgfH9mWlEF0W3G73OLyY0eBogOsu6vwzrVGElezgiQ3FMrmybwfQaNUbAst8WMcV3MpyPvK.png)

## To add a new weight stack range:

1. Tap the + icon in the top-right corner of the weight stack range menu
2. Tap **Add Weight Stack Range**

   ![](https://staticfiles.gleap.io/gattachments/IQ75IfE0GxuBOamjqGFEl9Tge0MiV5q7mSWWPpFWcukAj4LLkloKKgQEdC2ZHxiG12T5BgfhMPk.png)
3. Enter the range start weight
4. Enter the range end weight
5. Enter the increment for that range

For example, if a machine goes from 15 lb to 25 lb in 5 lb increments, you would enter:

Range Start: 15 lb  
Range End: 25 lb  
Increment: 5 lb

This would create available weight options of 15, 20, and 25 lb. If that same machine then goes from 25 lb to 55 lb in 10 lb increments, you can add another range for that section of the stack.  
  
You can also use **Scan with AI** to help generate weight stack ranges from a photo. To scan a weight stack:

1. Tap **Scan with AI**
2. Capture a photo of the weight stack, or upload an existing photo
3. Choose your unit preference
4. Add a short description, if needed
5. Tap **Analyze**

If you need to remove a weight stack range you can swipe left on the range you want to remove, and then tap on the remove icon.

## **Adding Micro-Adjustments**

Some machines allow for smaller weight adjustments in addition to the main weight stack. You can add these as micro adjustments by using the following steps:

1. Tap the + icon in the top-right corner
2. Tap **Add Micro-Adjustment**
3. Select the type of micro adjustment you wish to add

   ![](https://staticfiles.gleap.io/gattachments/arAqpaap5Z0ZD8Xbck56Ys0b9tIHfKKPyH8q0eSuhIp1fEuIXDTg2AS54LJAWk4q7S0UBGi9Krk.png)

There are *three* types of micro adjustments currently available:

**Dial** - This fine-tunes the weight using a small adjustment dial on top of the selected load. This allows one adjustment at a time.  
  
**Selectorized Pin** - This lets you select a single incremental weight by inserting a pin into the micro adjustment stack.  
  
**External Plates** - This is used when you load additional plates directly onto the machine. This allows more than one adjustment at a time.

4. Once you’ve selected the micro-adjustment type, enter the weight for that adjustment
5. To add more micro-adjustments, tap on **+ Add Weight**, or tap **Done** to save your changes.

## **Read next:**

Now that you’ve learned how to configure weight stack ranges, you might enjoy one of these articles next:

[Set Up Your Gym Profiles](https://help.macrofactorapp.com/en/articles/300-set-up-your-gym-profiles)

[Do I Need Access to a Full Gym to Use MacroFactor Workouts?](https://help.macrofactorapp.com/en/articles/368-do-i-need-access-to-a-full-gym-to-use-macrofactor-workouts)

[Feature Setting Overview (Workouts](https://help.macrofactorapp.com/en/articles/352-feature-setting-overview-workouts)"
General,Add a Note to Your Workout,https://help.macrofactorapp.com/en/articles/323-add-a-note-to-your-workout,"During a workout, you can add a note about your session, a specific exercise, or your program.

**To add a note:**

1. Go to the **Workout** tab.
2. Select the workout or program you want to start.
3. Start the workout.
4. Use the action bar and scroll until you see **Note**, then tap it.
5. Choose where you want the note to apply: **Session**, **Exercise**, or **Program**.
6. Enter your note, then tap **Save**.

Your note is saved with the selected context, so you can reference it later when reviewing your workouts or program.

## Read next:

Now that you’ve learned how to add a note to your workout, you might enjoy one of these articles next:

[How to Log a Workout](https://help.macrofactorapp.com/en/articles/310-how-to-log-a-workout)  
[Edit or Delete a Workout](https://help.macrofactorapp.com/en/articles/318-edit-or-delete-a-workout)  
[Viewing Past Workouts](https://help.macrofactorapp.com/en/articles/339-viewing-past-workouts)"
General,Archive or Restore a Workout,https://help.macrofactorapp.com/en/articles/324-archive-or-restore-a-workout,"Archiving a workout removes it from your active workout library without deleting it. This is useful if you are rotating training blocks or [cleaning up your library sections](https://help.macrofactorapp.com/en/articles/322-customizing-workout-sections) while keeping workouts you may want to use again later.

**To archive a workout:**

1. Go to the **Workout** tab.
2. Swipe left on the workout you want to archive.
3. Tap the **folder icon** to archive the workout
4. The workout will be removed from your current workout library and moved to your archive.

**To restore a workout:**

1. Go to the **Workout** tab.
2. Under **More**, tap **Archive**.
3. Swipe left on the workout you want added back to your workout library.
4. Tap the **folder icon** to unarchive the program.
5. The program will return to your workout library.

## Read next:

Now that you’ve learned how to archive or restore a workout, you might enjoy one of these articles next:

[Viewing Past Workouts](https://help.macrofactorapp.com/en/articles/339-viewing-past-workouts)  
[Editing Past Workouts](https://help.macrofactorapp.com/en/articles/340-editing-past-workouts)  
[Duplicate a Program](https://help.macrofactorapp.com/en/articles/290-duplicate-a-program)"
General,How to Skip a Workout,https://help.macrofactorapp.com/en/articles/325-how-to-skip-a-workout,"If you cannot complete a scheduled workout, you can skip it without removing it from your program.

1. Go to the **Workout** tab.
2. Select your current program and expand it using the right arrow.
3. Select the workout you want to skip, for example, **Workout C**.
4. **Tap the three dots** in the top right corner.
5. Select **Skip Workout**.

You can also:

* Un-skip the workout later if you decide to complete it by following the same process.
* [Move the workout](https://help.macrofactorapp.com/en/articles/296-reorder-exercises-in-a-program) to a different day.

## Read next

Now that you’ve learned how to skip a workout, you might enjoy one of these articles next:

[Change Program Schedule](https://help.macrofactorapp.com/en/articles/301-change-program-schedule)  
[Reorder Exercises in a Program](https://help.macrofactorapp.com/en/articles/296-reorder-exercises-in-a-program)  
[What Happens If I Miss Workouts or Take Time Off?](https://help.macrofactorapp.com/en/articles/382-what-happens-to-my-program-if-i-miss-workouts-or-take-time-off)"
General,How to Rename a Workout,https://help.macrofactorapp.com/en/articles/326-how-to-rename-a-workout,"If you want to update the name of a workout, you can rename it directly from your program without changing the workout itself.

1. Go to the **Workout** tab.
2. Select the program that contains the workout you want to rename.
3. Do not expand the program from the side. Tap the program itself to open it.
4. Use the top workout navigation to locate the workout you want to rename.
5. Tap the workout you want to rename, tap **Rename** in the action bar.
6. Enter the new workout name, then tap **Save**.

## Read next

Now that you’ve learned how to rename a workout, you might enjoy one of these articles next:

[Change Program Schedule](https://help.macrofactorapp.com/en/articles/301-change-program-schedule)  
[Duplicate a Workout Within a Program](https://help.macrofactorapp.com/en/articles/291-duplicate-a-workout-within-a-program)  
[Reorder Exercises in a Program](https://help.macrofactorapp.com/en/articles/296-reorder-exercises-in-a-program)"
General,Duplicate a Workout,https://help.macrofactorapp.com/en/articles/327-duplicate-a-workout,"Duplicate a workout if you want to make small changes without rebuilding everything from scratch. 

1. Go to the **Workout** tab.
2. Select the workout you want to duplicate.
3. Tap the three dots in the top right corner.
4. Select **Duplicate Workout**.
5. Rename the duplicated workout what you want.
6. Tap **Save and Go to Duplicate**.

This creates a separate copy of the workout that you can edit without affecting the original.

## Read Next:

Now that you’ve learned how to duplicate a workout, you might enjoy these articles next:   
  
[Duplicate a Workout Within a Program](https://help.macrofactorapp.com/en/articles/291-duplicate-a-workout-within-a-program)  
[Reorder Exercises in a Program](https://help.macrofactorapp.com/en/articles/296-reorder-exercises-in-a-program)  
[Create a Custom Exercise](https://help.macrofactorapp.com/en/articles/328-how-to-create-a-custom-exercise)"
General,How to Create a Custom Exercise,https://help.macrofactorapp.com/en/articles/328-how-to-create-a-custom-exercise,"**Option 1: From Feature Settings**

1. Go to **More** > Feature Settings > **Exercises**.
2. Tap the **+** button in the top-right corner.
3. On the custom exercise creation screen, enter the exercise name and select a trackable metric, such as reps or weight. Then choose the exercise type, for example, compound upper or lower, isolation upper or lower, or core, and select laterality, such as bilateral, unilateral, asymmetrical, or both unilateral and bilateral.
4. Select the muscle groups the exercise targets.
5. Tap a muscle icon once to mark it as a primary muscle group. A **P** will appear in the box to indicate it is primary.
6. Tap the icon again to mark it as a secondary muscle group. An **S** will appear in the box to indicate it is secondary. If you tap a third time it will unselect the muscle altogether.
7. Add resistance equipment if needed, such as a dumbbell, kettlebell, or barbell. Toggle **Bodyweight Exercise** if no external resistance is used.
8. On the final details screen, optionally set the range of motion, stability, body weight contribution, movement pattern, alternate names, and description.
9. Review the exercise overview. If everything looks correct, tap **Create Exercise** to save.

### **Option 2: During a workout**

You can also create a custom exercise while actively logging a workout.

1. During your workout, tap the **+** symbol next to your exercise list.
2. You will see a **+** icon in the top-left corner of the exercise picker. Tap it.

From there, follow the steps above to build your custom exercise, which will be added to your training session.

### **Option 3: While building a program or workout**

You can also create a custom exercise while building a program.

1. Hit “Add Exercises” during any program or workout build
2. You will see a **+** icon in the top-left corner of the exercise picker. Tap it.

From there, follow the steps above to build your custom exercise, which will be added to your training session.

## Read next:

Now that you’ve learned how to create a new exercise, you might enjoy one of these articles next:

[Editing the Settings of an Exercise](https://help.macrofactorapp.com/en/articles/329-editing-the-settings-of-an-exercise)  
[Deleting a Custom Exercise](https://help.macrofactorapp.com/en/articles/330-delete-a-custom-exercise)  
[Searching Exercises](https://help.macrofactorapp.com/en/articles/331-searching-exercises)"
General,Editing the Settings of an Exercise,https://help.macrofactorapp.com/en/articles/329-editing-the-settings-of-an-exercise,"There are several settings you can adjust for exercises. To edit an exercise, go to **More** > Feature Settings > **Exercises** and select the exercise you want to update. Once selected, you will see the following options:

**Info**: View exercise instructions, details, and history.

**Weights**: Set the weights that will be used during the workout.

**Rest Timer**: Change the rest duration between sets.

**Rest Between Left/Right Sets**: Used for unilateral exercises (for example, lunges or single-arm presses). This controls how long you rest before switching sides.

**Exercise Note**: Add a note that appears each time you perform the exercise.

**Do Not Recommend**: If you toggle this, the exercise will not be recommended when creating programs.  
**Edit Duplicate**: Creates a copy of the exercise and opens the custom exercise creation screen to make changes.

## Read next:

Now that you’ve learned how to edit the settings of an exercise, you might enjoy one of these articles next:

[Accessing Exercise Settings During a Workout](https://help.macrofactorapp.com/en/articles/333-accessing-exercise-options-during-a-workout)  
[Deleting an Exercise During a Workout](https://help.macrofactorapp.com/en/articles/336-deleting-an-exercise-during-a-workout)  
[Deleting a Custom Exercise](https://help.macrofactorapp.com/en/articles/330-delete-a-custom-exercise)"
General,How to Duplicate an Exercise,https://help.macrofactorapp.com/en/articles/386-how-to-duplicate-an-exercise,"1. Go to **More** > Feature Settings > **Exercises**.
2. Search for the exercise closest to the one you want to create/duplicate and **tap the exercise.**
3. Select Edit Duplicate.
4. On the custom exercise creation screen, enter the exercise name and select a trackable metric, such as reps or weight. Then choose the exercise type, for example, compound upper or lower, isolation upper or lower, or core, and select laterality, such as bilateral, unilateral, asymmetrical, or both unilateral and bilateral. **Note: For a duplicate exercise, most of this will stay very similar.**
5. Select the muscle groups the exercise targets.
6. Tap a muscle icon once to mark it as a primary muscle group. A **P** will appear in the box to indicate it is primary.
7. Tap the icon again to mark it as a secondary muscle group. An **S** will appear in the box to indicate it is secondary. If you tap a third time it will unselect the muscle altogether.
8. Add resistance equipment if needed, such as a dumbbell, kettlebell, or barbell. Toggle **Bodyweight Exercise** if no external resistance is used.

   **Note: This is where most changes occur if you want to do the same exercise with a different machine or added support.**
9. On the final details screen, optionally set the range of motion, stability, body weight contribution, movement pattern, alternate names, and description.
10. Review the exercise overview. If everything looks correct, tap **Create Exercise** to save.

## Read next:

Now that you’ve learned how to create a new exercise, you might enjoy one of these articles next:

[Editing the Settings of an Exercise](https://help.macrofactorapp.com/en/articles/329-editing-the-settings-of-an-exercise)  
[Deleting a Custom Exercise](https://help.macrofactorapp.com/en/articles/330-delete-a-custom-exercise)  
[Searching Exercises](https://help.macrofactorapp.com/en/articles/331-searching-exercises)"
General,Delete a Custom Exercise,https://help.macrofactorapp.com/en/articles/330-delete-a-custom-exercise,"1. Go to **More** > Feature Settings > **Exercises**.
2. Use the top navigation to select **Custom**.

You will see a list of custom exercises you have created. Use the search bar at the bottom if needed.

3. Tap the exercise you want to delete.
4. Scroll to the bottom of the screen and tap **Delete Exercise**.

## Read next:

Now that you’ve learned how to delete a custom exercise, you might enjoy one of these articles next:

[Editing the Settings of an Exercise](https://help.macrofactorapp.com/en/articles/329-editing-the-settings-of-an-exercise)  
[Searching Exercises](https://help.macrofactorapp.com/en/articles/331-searching-exercises)  
[Create a Custom Exercise](https://help.macrofactorapp.com/en/articles/328-how-to-create-a-custom-exercise)"
General,Searching Exercises,https://help.macrofactorapp.com/en/articles/331-searching-exercises,"Go to **More** > Feature Settings > **Exercises**

This page takes you to the full exercise list. At the bottom of the screen, there is a search bar where you can search for exercises and view their settings.

**Note:** When [creating](https://help.macrofactorapp.com/en/articles/285-create-a-new-program-via-smart-generation) or [updating a workout or program](https://help.macrofactorapp.com/en/articles/292-add-or-remove-exercises-from-a-program), you can add exercises at any time. For example, during an active workout, **tap the + button** at the end of the current exercise bar to open the exercise library. This is one of many options to add additional exercises and open the exercise search.

## Read next:

Now that you’ve learned how to search exercises, you might enjoy one of these articles next:

[Adding or Removing Exercises to a Program](https://help.macrofactorapp.com/en/articles/292-add-or-remove-exercises-from-a-program)  
[Set or Swap Active Programs](https://help.macrofactorapp.com/en/articles/289-set-or-swap-active-programs)  
[Setting RIR for Exercises](https://help.macrofactorapp.com/en/articles/293-setting-rir-for-exercises-in-a-program)"
General,Swap Exercises,https://help.macrofactorapp.com/en/articles/332-swap-exercises,"If a piece of equipment is unavailable or an exercise does not feel right that day, you can swap the exercise for another option.

**Option 1**

1. Go to the **Workout** tab.
2. Open any program or workout you have created.
3. Scroll to the exercise you want to replace.
4. Tap the three dots on the right side of the exercise, **tap Swap**.
5. Review the smart substitutions shown by the app.
6. Tap the exercise you’d like to use, then **tap Swap Exercise**. You can also tap the quick swap button next to the exercise name.

If the exercise you would like to replace is not listed under Smart Substitutions, continue with the directions below: 

7. If you want a different option, tap **Find Other Replacements** at the bottom.
8. Search for the exercise you want to use instead.
9. Tap the **+** button next to the exercise.
10. Tap **Done** to confirm the swap.

**Option 2**

1. Go to the **Workout** tab.
2. Start a workout.
3. Tap the exercise you want to swap from the top navigation bar.
4. In the action bar, under the exercise title, tap **Swap**.
5. Review the smart substitutions shown by the app.
6. Tap the exercise you’d like to use, then tap **Swap Exercise**. You can also tap the quick swap button next to the exercise name.

If the exercise you would like to replace is not listed under Smart Substitutions, continue with the directions below:

7. If you want a different option, tap **Find Other Replacements** at the bottom.
8. Search for the exercise you want to use instead.
9. Tap the **+** button next to the exercise.
10. Tap **Done** to confirm the swap.

## Read next:

Now that you’ve learned how to swap exercises, you might enjoy one of these articles next:

[Set or Swap Active Programs](https://help.macrofactorapp.com/en/articles/289-set-or-swap-active-programs)  
[Setting RIR for an Exercise](https://help.macrofactorapp.com/en/articles/293-setting-rir-for-exercises-in-a-program)  
[Edit or Delete a Workout](https://help.macrofactorapp.com/en/articles/318-edit-or-delete-a-workout)"
General,Accessing Exercise Options During a Workout,https://help.macrofactorapp.com/en/articles/333-accessing-exercise-options-during-a-workout,"During an active workout, each exercise has its own set of options. These options appear below the exercise name in the action bar. Swipe left or right to view all options.

Starting from left to right:

**Smart Progression**: Identified by a wand icon. It uses your logged sets to learn your strength profile and recommend appropriate weights. This feature activates after you log your first set. The [Smart Progression](https://help.macrofactorapp.com/en/articles/305-understanding-and-using-smart-progressions) screen also includes guidance for selecting an initial weight.

**Info**: Opens a detailed view of the exercise, including video demos, instructions, details, and history.

**Warm Up**: Lets you add a [Smart Warm-Up](https://help.macrofactorapp.com/en/articles/311-remove-or-add-smart-warm-ups) or a manual warm-up set. Warm-up sets appear in the exercise table with a **W** in the set column.

Targets: This defines how the current set should be performed. During a workout, you can adjust the **rep range and RIR target** for the set if you want to modify the effort or difficulty for that exercise.

**Swap**: Replaces the current exercise with another. Smart Substitutions appear first as app-recommended options. Select one and tap **Replace**, or tap **Find Other Replacements** to browse alternatives.

**Note**: Add notes related to your training. Notes can be added at three levels:

* Session: Note will be saved to your workout history.
* Exercise: Pinned to exercise, not saved to your workout history.
* Program: Pinned to program, not saved to your workout history.

**Superset**: Pairs this exercise with an adjacent exercise in the list. A [superset](https://help.macrofactorapp.com/en/articles/321-supersetting-exercises) links the two exercises so they alternate until both are completed.

**Equipment**: Opens a panel showing the equipment associated with the exercise, including resistance and support options. You [can adjust these](https://help.macrofactorapp.com/en/articles/300-set-up-your-gym-profiles) if needed.

**L/R**: Allows you to log different weights and reps for the left and right sides. This option will only show for relevant exercises.

**More**: Opens additional options:

* **Exercise settings:** Opens the same settings page accessed through **More** > Feature Settings > **Exercises** > select an exercise.
* **Reset to default:** Restores the exercise to its original settings.
* **Remove from workout:** Removes the exercise from the current workout.

## Read next:

Now that you’ve learned about exercise options during a workout, you might enjoy one of these articles next:

[Editing the Settings of an Exercise](https://help.macrofactorapp.com/en/articles/329-editing-the-settings-of-an-exercise)  
[Changing Rest Time During a Workout](https://help.macrofactorapp.com/en/articles/320-changing-rest-time-during-a-workout)  
[Understanding Smart Progressions](https://help.macrofactorapp.com/en/articles/305-understanding-and-using-smart-progressions)"
General,Seeing Detailed Stats and Data for Each Exercise,https://help.macrofactorapp.com/en/articles/334-seeing-detailed-stats-and-data-for-each-exercise,"1. Go to the **Dashboard** tab.
2. Scroll down to **Exercises**.
3. Tap **See all**.
4. View detailed stats and multiple performance metrics for each exercise.

Available views include:

* **1-RM, 3-RM, and 10-RM estimates:** Tracks changes in your estimated strength across different rep ranges.
* **Total Volume:** The total amount of weight lifted for that exercise over selected time periods.
* **Best Set Volume:** The highest single-set volume you have recorded.
* **Heaviest Weight:** The maximum load you have used for that exercise.
* **Total Reps:** The total number of reps completed over selected time periods.
* **Best Set Reps**: The highest number of reps you’ve recorded in a single set.
* **Total Sets:** The total number of sets you have performed to date.

In each of these views, you can adjust the time range to see averages over short or longer time periods as well as monthly recaps.

## Read next:

Now that you’ve learned how to see detailed stats and data for each exercise, you might enjoy one of these articles next:

Create a New Program  
Add or Remove Exercises From a Program  
Setting RIR for Exercises in a Program"
General,Accessing Exercise Settings During a Workout,https://help.macrofactorapp.com/en/articles/335-accessing-exercise-settings-during-a-workout,"If you need to add a note to an exercise or change a default rest timer or weight, you can access exercise settings during your workout using the steps below.

1. While in your workout and viewing the exercise, use the action bar and scroll until you see **More**.
2. Tap **Exercise Settings** to open the settings for that exercise.
3. Here, you have the option to change rest timers, add exercise notes, split left and right sets, and mark the exercise so it is not recommended.
4. Make any changes you need, then exit the screen to save them.

## Read next:

Now that you’ve learned how to access exercise settings during a workout, you might enjoy one of these articles next:

Editing the Settings of an Exercise

Understanding Exercise Options During a Workout

Changing Rest Time During a Workout"
General,Deleting an Exercise During a Workout,https://help.macrofactorapp.com/en/articles/336-deleting-an-exercise-during-a-workout,"1. While in your workout and viewing the exercise, use the action bar and scroll until you see **More**.
2. Tap **Remove from workout** at the bottom of the screen.
3. The exercise will be removed from the workout.

## Read next:

Now that you’ve learned how to delete an exercise during a workout, you might enjoy one of these articles next:

[Reorder Exercises in a Program](https://help.macrofactorapp.com/en/articles/296-reorder-exercises-in-a-program)  
[Swap Exercises](https://help.macrofactorapp.com/en/articles/299-swap-exercises)  
[Setting RIR for Exercises in a Program](https://help.macrofactorapp.com/en/articles/293-setting-rir-for-exercises-in-a-program)"
General,How to Prevent Exercises From Being Suggested,https://help.macrofactorapp.com/en/articles/337-how-to-prevent-exercises-from-being-suggested,"1. Go to **More** > Feature Settings > **Exercises**.
2. Select the exercise you don’t want to see recommended.
3. Toggle **Do Not Recommend** to *on*.

Once enabled, that specific exercise will no longer be recommended when creating new programs.

## Read next:

Now that you’ve learned how to prevent exercises from being suggested, you might enjoy one of these articles next:

[Editing the Settings of an Exercise](https://help.macrofactorapp.com/en/articles/329-editing-the-settings-of-an-exercise)  
[Accessing Exercise Options During a Workout](https://help.macrofactorapp.com/en/articles/335-accessing-exercise-settings-during-a-workout)  
[Creating a New Program](https://help.macrofactorapp.com/en/articles/285-create-a-new-program-via-smart-generation)"
General,How to Move an Exercise to a Different Day,https://help.macrofactorapp.com/en/articles/338-how-to-move-an-exercise-to-a-different-day,"If you want to move an exercise to a different workout day, you can do so without deleting it from the whole program.

1. Go to the **Workout** tab.
2. Select your active program.
3. Navigate to the workout day that contains the exercise you want to move.
4. **Tap the three dots** next to the exercise you want to move.
5. Select **Move to a different day**.
6. Select the workout day you want to move the exercise to.
7. The exercise will be moved immediately.

## Read next:

Now that you’ve learned how to move an exercise to a different day, you might enjoy one of these articles next:

[Reorder Exercises in a Program](https://help.macrofactorapp.com/en/articles/296-reorder-exercises-in-a-program)  
[Add or Remove Exercises From a Program](https://help.macrofactorapp.com/en/articles/292-add-or-remove-exercises-from-a-program)  
[Change Program Schedule](https://help.macrofactorapp.com/en/articles/301-change-program-schedule)"
General,How to Skip an Exercise Without Removing it From Your Program,https://help.macrofactorapp.com/en/articles/399-how-to-skip-an-exercise-without-removing-it-from-your-program,"You can skip an exercise for a specific cycle when building or editing a program. This allows you to temporarily remove an exercise from one scheduled cycle without changing the rest of the program.

Skipping an exercise affects only that selected cycle, meaning the exercise will continue to appear in other cycles unless you choose to skip it there as well.

Examples of uses would be:

* You are following a program that has weekly variations
* You need a temporary change without removing the exercise from the program
* You don’t want to permanently remove or swap the exercise: you just want it omitted from one or a few cycles within the program

## How to skip an exercise for a cycle

1. Go to the **Workout** tab.
2. Open the program you want to edit.
3. Navigate to the workout (for example, **Workout A**) that contains the exercise you want to skip.
4. Select the cycle for the exercise you want to skip (for example, **Cycle 2** of your training program).

   ![](https://staticfiles.gleap.io/gattachments/3dQs9eICD3KZp8URSxbn3soGaegHn0xI64HqZJuLmlZYlhiNsTn6VWfhFja7SmCX86ZOEnDJSYC.png)
5. Toggle **Skip Exercise** on.

   ![](https://staticfiles.gleap.io/gattachments/TKCeSDfVbbJ1IVUYppaMXrTDv49ftpIdMxWCtdFEejJQQIdiLE0untaPF3SiMfNZl6k0BZfXp2Y.png)
6. Save your changes.

![](https://staticfiles.gleap.io/gattachments/6fcBVbTRph0NyAUBhODWK67bOQKxhP9Br9nHsptgoxdD192RXzYZeTvRKeNOc5Z5pYAsLUTWAaN.png)

The exercise will no longer appear in that cycle week, but it will continue to appear in your other cycle weeks. You can repeat this process if your program alternates weeks or if you want to skip other exercises in specific cycles.

## Read Next:

Now that you’ve learned how to skip an exercise without removing it from your program, yyou might enjoy one of these articles next:

[Swap exericses](https://help.macrofactorapp.com/en/articles/299-swap-exercises)

[Adding or Removing Exercises to a Program](https://help.macrofactorapp.com/en/articles/292-add-or-remove-exercises-from-a-program)

[Set or Swap Active Programs](https://help.macrofactorapp.com/en/articles/289-set-or-swap-active-programs)"
General,Viewing Past Workouts,https://help.macrofactorapp.com/en/articles/339-viewing-past-workouts,"1. Go to the **Workout** tab.
2. Under **More**, tap **Workout History**.
3. Scroll to the workout you want to view and tap it.
4. Here you can view details for each exercise and edit past workouts.

## Read next:

Now that you’ve learned about viewing past workouts, you might enjoy one of these articles next:

[Editing Past Workouts](https://help.macrofactorapp.com/en/articles/340-editing-past-workouts)  
[Understanding Levels](https://help.macrofactorapp.com/en/articles/342-understanding-levels)  
[Viewing Sets and Volume Over Time](https://help.macrofactorapp.com/en/articles/343-viewing-sets-and-volume-over-time)"
General,Editing Past Workouts,https://help.macrofactorapp.com/en/articles/340-editing-past-workouts,"1. Go to the **Workout** tab.
2. Under **More**, tap **Workout History**.
3. Scroll to the workout you want to edit and tap it.
4. Under **Workout Details,** next to **Edit Workout**, tap **Edit**.
5. This opens the workout log, where you can edit each exercise, set, weight, reps, and access notes and other options from the action bar.
6. When finished, tap the checkmark in the top-right corner to save your changes.

## Read next:

Now that you’ve learned about editing past workouts, you might enjoy one of these articles next:

[Editing Date and Duration of Past Workouts](https://help.macrofactorapp.com/en/articles/341-editing-the-date-or-duration-of-a-past-workout)  
[Viewing Past Workouts](https://help.macrofactorapp.com/en/articles/339-viewing-past-workouts)  
[Viewing Exercise Performance Over Time](https://help.macrofactorapp.com/en/articles/344-viewing-exercise-performance-over-time)"
General,Editing the Date or Duration of a Past Workout,https://help.macrofactorapp.com/en/articles/341-editing-the-date-or-duration-of-a-past-workout,"If you logged a workout on the wrong date or want to [manually backfill workouts](https://help.macrofactorapp.com/en/articles/384-can-i-backfill-past-workouts-to-have-training-history), you can edit both the workout date and duration.

**Change the workout date**

1. Go to the **Workout** tab.
2. Under **More**, tap **Workout History**.
3. Scroll to the workout you want to edit and tap it.
4. Under **Workout Details**, next to **Start Time,** tap **Edit**.
5. Choose the correct date and time, then tap **Save**.

**Change the workout duration**

1. Go to the **Workout** tab.
2. Under **More**, tap **Workout History**.
3. Scroll to the workout you want to edit and tap it.
4. Under **Workout Details**, next to **Duration,** tap **Edit**.
5. Update the workout length, then tap **Save**.

## Read next:

Now that you’ve learned about editing the date and duration of past workouts, you might enjoy one of these articles next:

[Editing Past Workouts](https://help.macrofactorapp.com/en/articles/340-editing-past-workouts)  
[Viewing Past Workouts](https://help.macrofactorapp.com/en/articles/339-viewing-past-workouts)  
[Viewing Sets and Volume Over Time](https://help.macrofactorapp.com/en/articles/343-viewing-sets-and-volume-over-time)"
General,Understanding Levels,https://help.macrofactorapp.com/en/articles/342-understanding-levels,"The Levels tab shows the training volume each muscle group is receiving over time. It lets you view your logged workouts through a body map of muscle groups, helping you see where your training is actually going.

## **What Levels represent**

Each bar represents the average number of sets per week for a muscle group over the selected time period. Levels only reflect logged training. They do not represent load, intensity, or effort.

### **Time periods**

You can switch between different time ranges, including one week, one month, and three months, by **tapping the arrow next to the underlined duration.**

### **Front and back views**

**Tap the circular arrows icon** to toggle between front and back body views to see different muscle groups more clearly.

## Seeing exercise contributions

Levels also shows you which exercises are contributing to each muscle group’s total sets. This makes it easier to understand exactly where your training volume is coming from, not just how much volume you have logged.

If you tap on a muscle group, you will see a list of the exercises that contributed sets during the selected time period. Each exercise displays the number of sets performed and the muscle groups it targets, helping you quickly spot which movements are driving your training volume.

![](https://staticfiles.gleap.io/gattachments/icyQ1gV62mtzDlxVEQtJzd4wLNqSduHQtMIoUNhfYRnlptR9TsLEGf3YhbPBroPr7d7kFXl5scb.png)

You can also review individual muscles within a broader muscle group. This allows you to look more closely at how specific areas are being trained and identify gaps or imbalances in your program.

![](https://staticfiles.gleap.io/gattachments/ENqj2l9zk10F9EtLMmZUY8LmH8zTQmgbqllgbpjjcPcnnmqr4ihRnDYdY51jLhlT11kSzJMEgB2.png)

## Read next:

Now that you’ve learned about Levels, you might enjoy one of these articles next:

[Muscle Groups](https://help.macrofactorapp.com/en/articles/280-muscle-groups)  
[Viewing Sets and Volume Over Time](https://help.macrofactorapp.com/en/articles/343-viewing-sets-and-volume-over-time)  
[Viewing Exercise Performance Over Time](https://help.macrofactorapp.com/en/articles/344-viewing-exercise-performance-over-time)"
General,Viewing Sets and Volume Over Time,https://help.macrofactorapp.com/en/articles/343-viewing-sets-and-volume-over-time,"If you are curious about the training data you are collecting, the app provides several ways to view how your workouts add up over time. One of the most useful ways to do this is through the Sets and Volume views.

### **Sets over time**

Looking at sets over time helps you understand your training volume independent of load. Since sets are a major contributor to training stimulus, this view can help put changes in progress into context. For example, if progress has slowed or stalled, you can check whether that period coincides with fewer total sets or reduced training frequency.

### **Volume over time**

Unlike the Sets view, which treats all sets equally, the Volume view accounts for how heavy those sets are. This makes it useful for understanding changes in workload when loading strategies, exercise selection, or training intensity shift.

Volume is separated into two types:

* **Resistance-based volume**, which includes work done with external load such as barbells, dumbbells, or machines.
* **Bodyweight volume**, which includes work where your body is the primary load, such as pull-ups, push-ups, or dips.

### **Where to find these views**

#### **Workouts**

**Dashboard > Workouts**

Here, you can view Sets and Volume for your workouts across different time ranges, including weekly, monthly, yearly, or all time. You can also scroll down to see which exercises contributed the most sets or volume during the selected period.

#### **Muscle Groups**

**Dashboard >** Muscle Groups **> See All**

Select a muscle group to view how much training it has received over time.

For example, if you select the triceps, you can see how many sets or how much total volume they received across weekly, monthly, yearly, or all-time views. You can also see how individual training sessions contributed to that total.

## Read next:

Now that you’ve learned how to view sets and volume over time, you might enjoy one of these articles next:  
  
[Muscle Groups](https://help.macrofactorapp.com/en/articles/280-muscle-groups)[Understanding Levels](https://help.macrofactorapp.com/en/articles/342-understanding-levels)  
[Viewing Exercise Performance Over Time](https://help.macrofactorapp.com/en/articles/344-viewing-exercise-performance-over-time)"
General,Viewing Exercise Performance Over Time,https://help.macrofactorapp.com/en/articles/344-viewing-exercise-performance-over-time,"The exercises section focuses on how individual lifts are progressing over time. This is useful for identifying performance trends within specific exercises rather than just across workouts or muscle groups.

**Viewing an Exercise**

1. Go to the **Dashboard** tab.
2. Scroll down to **Exercises**.
3. Tap **See All**.
4. Select an exercise.

Available views include:

**1-RM, 3-RM, and 10-RM:** Estimates changes in estimated strength at different rep ranges over time.  
**Total Volume:** The total amount of weight for that exercise.  
**Best Set Volume:** Your highest single-set volume recorded for that exercise.  
**Heaviest Weight**: The maximum load you have lifted for that exercise.  
**Total Reps:** The total number of reps completed for that exercise over time.  
**Best Set Reps**: The highest number of reps you’ve recorded in a single set.  
**Total Sets:** All sets you have performed for that exercise to date.  
  
For each view, you can adjust the time range to short or long-term trends. 

## Read next:

Now that you’ve learned how to view exercise performance over time, you might enjoy one of these articles next:

[**Muscle Groups**](https://help.macrofactorapp.com/en/articles/280-muscle-groups)[**Understanding Levels**](https://help.macrofactorapp.com/en/articles/342-understanding-levels)[**Viewing Sets and Volume Over Time**](https://help.macrofactorapp.com/en/articles/343-viewing-sets-and-volume-over-time)"
General,How to Log Body Measurements,https://help.macrofactorapp.com/en/articles/345-how-to-log-body-measurements,"### To log body measurements:

1. Go to the **Dashboard** tab.
2. Under **Body Metrics**, tap **See All** to view your inner dashboard and then tap **Full Body.**
3. Tap the **+** button in the top-right corner of the screen.
4. Optionally, select the date on which you took the body measurements, if you’re not logging measurements you took on the present day.

   1. Tap the date in the top-middle of your screen.
   2. Use the calendar to navigate to the date for which you’d like to log body measurements.
   3. Tap the date for which you’d like to log body measurements.
5. Log your body measurements.
6. **Tap the check mark** in the top-right corner of the screen to save your entries.

Body measurements can be useful for giving some context in physical body changes in relation to training progress over time, especially when changes in strength or volume don’t always align with scale changes alone. If you’d like some tips for taking high-quality body measurements, you’ll likely enjoy this knowledge base. And, if you’d like to change which body measurements you track, check out this knowledge base entry.

## Read next:

Now that you understand how to log body measurements, you might enjoy one of these articles next:

[Configure Body Metric and Progress Photo Tracking](https://help.macrofactorapp.com/en/articles/347-configure-body-metric-and-progress-photo-tracking)  
[Tips for Taking Good Body Measurements](https://help.macrofactorapp.com/en/articles/350-tips-for-taking-good-body-measurements)  
[How to Add Progress Photos](https://help.macrofactorapp.com/en/articles/346-how-to-add-progress-photos)"
General,How to Add Progress Photos,https://help.macrofactorapp.com/en/articles/346-how-to-add-progress-photos,"### To add progress photos:

1. Go to the **Dashboard** tab.
2. Under **Body Metrics**, tap **See All** to view your inner dashboard and then tap the **Progress Photo** tile.
3. Tap the **+** button in the top-right corner of the screen.
4. Optionally, select the date on which you took progress photos, if you’re not adding photos you took on the present day.

   1. Tap the date in the top-middle of your screen.
   2. Use the calendar to navigate to the date for which you’d like to upload a progress photo.
   3. Tap the date on which you took your progress photo.
5. Tap on “Front Photo,” “Side Photo,” or “Back Photo” to add a progress picture

   1. Upload a picture from your phone’s memory or
   2. Tap “Take Photo” to launch your phone’s camera to snap a picture.
6. Crop your photo. You can zoom in or out, or rotate your photo during this step. **Tap the checkmark** in the top-right corner to upload your cropped photo.
7. Add more photos if desired, repeating steps 4 and 5. You can upload one progress photo of the front, side, and back of your body each day you add progress photos.
8. **Tap the checkmark** in the top-right corner of the screen to save your entries.

Progress photos can be useful for giving some context in physical body changes in relation to training progress over time, especially when changes in strength or volume don’t always align with scale changes alone. If you’d like some tips for taking good progress photos, you’ll likely enjoy the knowledge base entry linked above. And, if you’d like to change which progress pictures you track, check out this knowledge base entry.

## Read next:

Now that you understand how to add progress photos, you might enjoy one of these articles next:

[Configure Body Metric and Progress Photo Tracking](https://help.macrofactorapp.com/en/articles/347-configure-body-metric-and-progress-photo-tracking)  
[Tips for Taking Good Progress Photos](https://help.macrofactorapp.com/en/articles/349-tips-for-taking-good-progress-photos)  
[How to Create and Share Before-And-After Photos](https://help.macrofactorapp.com/en/articles/351-how-to-create-and-share-before-and-after-photos)"
General,Configure Body Metric and Progress Photo Tracking,https://help.macrofactorapp.com/en/articles/347-configure-body-metric-and-progress-photo-tracking,"If you want to change your selections, such as removing body metrics you no longer want to track or adding new ones, you can do so at any time.

1. Go to the **More** tab.
2. Tap **Data Visibility**, under **Data Management**.
3. Tap **Body Metrics Visibility**.
4. Toggle the progress photos and body metrics you want to track.
5. Tap the checkmark in the top-right corner to save your selections.

If you’d like tips on taking good progress photos or high-quality body measurements, you’ll likely find the knowledge base entries linked above helpful.

## Read next:

Now that you understand how to configure body metric and progress photo tracking, you might enjoy one of these articles next:

[Tips for Taking Good Body Measurements](https://help.macrofactorapp.com/en/articles/349-tips-for-taking-good-progress-photos)  
[Tips for Taking Good Progress Photos](https://help.macrofactorapp.com/en/articles/350-tips-for-taking-good-body-measurements)  
[How to Create and Share Before-And-After Photos](https://help.macrofactorapp.com/en/articles/351-how-to-create-and-share-before-and-after-photos)"
General,How to View Body Measurement Progress Over Time,https://help.macrofactorapp.com/en/articles/348-how-to-view-body-measurement-progress-over-time,"You can visualize changes to any of your tracked body measurements over time.

1. Go to the Dashboard tab.
2. Under **Body Metrics**, tap **See All**. Here, you can view the measurements you have selected to display on the inner dashboard.
3. To view metrics for specific days, tap **Full Body**, then tap **View All Metrics**.
4. Use the horizontal tab bar at the top of the screen to quickly switch between predefined date ranges.

### Comparing your Body Measurement Progress

The **Compare All Metrics** screen lets you view changes in measurements such as body-fat percentage, body weight, and specific body parts, such as the waist or shoulders.

**To compare metrics:**

1. Open the **Compare All Metrics** screen.
2. Use the horizontal tab bar at the top to switch between predefined date ranges.
3. To select custom dates, tap the **calendar icon** in the top-right corner.
4. Review visual body fat, which is displayed as a percentage change.
5. Compare individual body measurements shown side-by-side to see progress over time.

## Read next:

Now that you understand how to view body measurement progress over time, you might enjoy one of these articles next:

[Tips for Taking Good Body Measurements](https://help.macrofactorapp.com/en/articles/349-tips-for-taking-good-progress-photos)  
[Tips for Taking Good Progress Photos](https://help.macrofactorapp.com/en/articles/350-tips-for-taking-good-body-measurements)  
[How to Create and Share Before-And-After Photos](https://help.macrofactorapp.com/en/articles/351-how-to-create-and-share-before-and-after-photos)"
General,Tips for Taking Good Progress Photos,https://help.macrofactorapp.com/en/articles/349-tips-for-taking-good-progress-photos,"Progress photos can be very helpful for evaluating your progress over time. As you try to lose fat or build muscle, visual changes occur quite gradually. Even if you’re experiencing very rapid body composition changes in a general sense, you’ll still look basically the same day to day, so it can be difficult to notice and appreciate the progress you’re making. However, when you compare a contemporary photo of yourself with a photo taken a couple of months ago, you’ll be able to readily see changes that you wouldn’t have noticed otherwise. Furthermore, if you have goals related to aesthetic outcomes, a visual indicator of progress provides you with the [most direct feedback](https://macrofactorapp.com/body-composition/) you could hope for.

Since progress photos can be such a powerful tool, here are some tips for getting the most out of them:

1. **Take progress photos about once per month most of the time.**

Progress photos help you notice and appreciate visual changes, so you need to have enough time between progress photos to allow for noticeable visual changes to occur. Most of the time, weekly progress photos have the same issue as just seeing yourself in the mirror every day: your appearance simply won’t change that much week-to-week. When progress photos are taken too frequently, it can be easy to get discouraged, since you’ll be less likely to see noticeable changes between consecutive photos.

Conversely, if progress photos are too spaced out, they won’t provide timely feedback on your progress. For instance, you may be gaining more fat than you’d like when gaining weight, or losing more muscle than you’d like when losing weight. Those changes would likely be noticeable with monthly progress photos. So, if you only took progress photos every three months, you might wind up pursuing an unproductive path for two months longer than you otherwise would have.

There are some exceptions to this recommendation.

First, we’d recommend taking progress photos at the start and end of each new weight gain or weight loss goal, so that you can fully evaluate the visual impact of each goal you pursue. So, if you took progress photos on the first day of a month, and you achieved a weight loss goal and set a new weight gain goal on the fifth day of the month, we’d recommend still taking progress photos when you switch goals. You’re not going to see meaningful visual changes between the sets of progress photos taken four days apart, but it’s still nice to have progress photos on the start and end date of each goal you accomplish.

Second, we’d recommend taking more frequent progress photos if you’re pursuing extreme levels of leanness. Remember, the recommendation to take monthly progress photos is based on the fact that it generally takes about a month to see noticeable changes in your physique. However, as you’re going from “very lean” to “extremely lean,” it becomes easier to see visual changes on a weekly or biweekly timescale.

2. **Make sure the photos are consistent.**

To provide you with reliable visual feedback on how your body is changing, your progress photos should be as similar as possible from photo to photo. Here are some factors to consider:

**Time of day**: Hydration levels and intestinal contents can significantly alter the appearance of your body. So, for consistent photos, we'd recommend taking progress photos at a time when those factors are predictable. Most of the time, it's most convenient to take progress photos first thing in the morning before you've had anything to eat or drink, so you won't be bloated from a recent meal, and you'll be at a consistent level of (de)hydration for all of your progress photos. However, if there's another time of day where you're confident you'll be at a predictable level of fullness and hydration for all of your progress photos, feel free to take your pictures then instead.

**Location**: the backdrop of your photos can affect how you perceive yourself in pictures (similar to the way that dark clothing and clothing with vertical stripes are considered to be ""slimming""). So, pick out a consistent location for all of your progress photos. Any room in your home with a bare wall will generally do the trick.  

**Attire**: It helps to take consecutive progress photos in a similar state of dress, so each pair of photos will be directly comparable. Most people tend to take progress photos in either their undergarments, or in shorts and a t-shirt or tank top.

**Lighting**: Lighting can dramatically affect how your body looks. However, if you're taking your progress photos in the same location, at a consistent time of day (to roughly control for differing levels of natural light, if you're taking your progress photos in a room with windows), you should be covered. Just make sure you're consistent about whether you use the flash on your camera.

**Camera distance**: This should go without saying, but you look larger when you're standing closer to the camera, and smaller when you're further away from the camera. However, you can control for camera distance after you take your photos via cropping. Take your photos from far enough away that when you crop it, your head will be at the very top of the frame, and your feet will be at the very bottom of the frame (of course, it's totally fine to crop your head and/or feet out if you prefer – just make sure the crop is consistent).

**Body positioning**: For fair comparisons between photos, make sure you present your body in the same way each time you take progress photos. This includes posture, and whether you flex your muscles or not. If you like taking two separate sets of progress photos with your muscles flexed in one set and relaxed in the other, we'd recommend adding them to MacroFactor Workouts on consecutive days (since you can only upload one front, one side, and one back photo per day). So, if you take progress photos on the first day of the month, you might add your relaxed photos on the first day of the month, and your flexed photos on the second day of the month.

3. **Only do what you’re comfortable with.**

Your personal comfort trumps any generalized recommendation. While progress photos are the best way to evaluate visual changes to your body over the course of a weight gain or weight loss attempt, don't feel like you need to take progress photos if you're uncomfortable doing so, or if taking progress photos causes or exacerbates body image issues.

4. **Evaluate objectively but compassionately.**

Many people have a tendency to fixate on parts of their body that they're dissatisfied with. But, when comparing progress photos, we'd strongly recommend looking for the positives. Don't beat yourself up about the changes you'd like to see; celebrate the changes you ARE seeing.

At the same time, many people apply a bit of wishful thinking when evaluating their progress (anecdotally, this seems to be especially true for young males gaining weight pretty quickly in an attempt to maximize their muscle growth). So, make sure you’re looking at what the pictures actually show, rather than just seeing what you want to see.

5. **Look further back sometimes.**

However, if progress slows down when pursuing a goal, comparing recent progress photos might become a bit disappointing. When you’re evaluating your progress for the past month, it may be tough to acknowledge that you haven’t actually made much progress in that time.

In this situation, it can be helpful to look back at older progress photos. Maybe the past month was rough, but you can still see plenty of improvements when comparing your newest progress photos with photos you took several months ago. Most goals take multiple months to achieve, and many MacroFactor Workout users have lofty long-term goals that they’ll be pursuing for years. When you feel like you’re not approaching your destination as quickly as you like, it can still be motivating to look back at how far you’ve already come.

### Read next:

Now that you understand the tips for taking good progress photos, you might enjoy one of these articles next:

[Tips for Taking Good Body Measurements](https://help.macrofactorapp.com/en/articles/349-tips-for-taking-good-progress-photos)  
[Configure Body Metrics and Progress Photo Tracking](https://help.macrofactorapp.com/en/articles/347-configure-body-metric-and-progress-photo-tracking)  
[How to Create and Share Before-And-After Photos](https://help.macrofactorapp.com/en/articles/351-how-to-create-and-share-before-and-after-photos)"
General,Tips for Taking Good Body Measurements,https://help.macrofactorapp.com/en/articles/350-tips-for-taking-good-body-measurements,"There are three principles to keep in mind when taking body measurements:

1. **Frequency:** Repeat measurements at regular intervals that are short enough to provide timely feedback, but long enough to reasonably expect change between measurements.
2. **Reliability:** Take measurements in a consistent, repeatable way so changes over time reflect true circumference changes, not differences in measurement location or technique.
3. **Relevance:** Track measurements that are meaningful to you and aligned with your goals.

### Frequency

For most people, most of the time, we’d recommend taking measurements every week, every two weeks, or every month.

When you measure too frequently, it’s easy to focus on random day-to-day fluctuations instead of longer-term trends. You might find that measurements differ day-to-day by about a centimeter (¼-½ inch), but those day-to-day changes primarily reflect bloating, muscular swelling after exercise, and good old-fashioned measurement error. Sure, longer-term “true” changes will also be reflected in daily measurements, but you wind up with a worse signal:noise ratio. Measurements taken every week, every two weeks, or every month will still contain the signal – you’ll still be able to see measurements increase or decrease over time – but they remove most of the noise (random day-to-day fluctuations that aren’t indicative of longer-term changes). 

Conversely, when you measure too infrequently, feedback isn’t sufficiently timely. Measurements should reflect outcomes that matter to you; you might measure changes in thigh or arm circumference as a proxy for muscle growth, waist circumference as a proxy for fat loss, or hip and shoulder circumference as a proxy for aesthetic goals. So, when you take a measurement, the measurement allows you to assess your progress toward your goals, and make adjustments to your plan if necessary. If you measure too infrequently (say, once every 3-6 months), you might end up identifying problems and making appropriate course corrections months after you should have.

Measuring weekly, every two weeks, or every month provides the ideal balance – you won’t get distracted or discouraged by day-to-day fluctuations, but you also won’t be flying blind without sufficiently timely feedback on your goal progress.

### Reliability

When measuring body circumferences, reliability is the primary concern. Reliability is roughly synonymous with consistency: If you measure the same circumference multiple times back-to-back-to-back, do you get the same result each time?

With reliable measurements, you can be confident that changes in your measurements reflect actual changes in body shape. With unreliable measurements, it’s harder to say if changes in your measurements reflect actual changes in body shape, or just measurement error and variability. So, here are some tips for taking reliable body measurements:

1. **Take measurements under the same conditions each time.**

The two primary considerations are intestinal contents and muscle swelling. For waist measurements, we’d recommend measuring first thing in the morning, before you’ve eaten. Intestinal contents can easily impact waist circumference measurements by an inch or two (2-5cm), so measuring your waist before you’ve eaten helps reduce variability.

For other circumference measurements, muscle swelling after an intense workout can affect circumference measurements up to half an inch (1-1.5cm). So, we’d generally recommend measuring circumferences when the muscles under the measuring tape aren’t noticeably sore. For example, if your biceps are sore, it may not be a bad idea to wait a day or two to measure your upper arm circumference. If your quads are sore, it may not be a bad idea to wait a day or two to measure your thigh circumference.

2. **Be consistent about whether you flex your muscles, or leave them relaxed.**

It’s totally fine to flex muscles that are under the measuring tape, and it’s also totally fine to keep your muscles relaxed. However, once you decide whether you want to measure limb circumferences with flexed or relaxed muscles, you should stick with that decision. Flexing your muscles can change limb circumference measurements substantially.

3. **Make sure you measure at the same locations each time.**

Circumference measures can change quite a bit based on the location of the measuring tape. So, for reliably tracking changes over time, it’s important to make sure you’re consistent about the location of your circumference measurements.

If you’re concerned that you may not remember the exact location of the tape measure for each of your circumference measurements, it can be helpful to jot down notes on a slip of paper you keep with your tape measure. Note the location of the tape measure, using whatever landmarks make the most sense to you. For example, you might note that you measure your waist circumference at navel-height, your flexed arm circumference at the largest point of your arm, your calf circumference at the point where the tape measure cuts through a birthmark, and your thigh circumference at the location of a perpetual tan line. 

4. **Practice and average.**

Taking good, reliable circumference measurements is a skill. Just typing that sentence, I got flashbacks to grad school, where we had to take dozens (maybe hundreds) of consecutive limb and waist measurements on different people until our [intra-rater reliability](https://www.researchgate.net/publication/227577647_Intrarater_Reliability) was high enough that we could be entrusted with live data collection.

Thankfully, it’s easier to measure your own limb circumferences than someone else’s, because you have more sensory feedback. If you squeeze the measuring tape a bit tighter around your leg, you’ll feel the difference in pressure, and if you situate the measuring tape a bit higher or lower around your hips, you’ll feel that it’s in a slightly different location. So, it shouldn’t take much practice to get reliable circumference measurements, but if you’ve never measured body circumferences before, it will probably take at least a little practice.

As a practical recommendation, I’d suggest practicing circumference measurements until 5 consecutive measurements fall within a 0.5cm range for smaller circumference measurements (arm, leg, and neck circumferences), and within a 1cm range for larger circumference measurements (shoulders, chest, waist, and hips).

Once you can take good, reliable measurements, I’d still recommend taking at least two measurements at each measurement site each time you assess body circumferences. If you get identical measurements back-to-back, you can confidently log that measurement. If you get slightly different measurements, take a third measurement, and average the two closest values.

For example, if you measure your waist at 86.5cm twice in a row, just record your waist circumference to be 86.5cm. However, if you measured your waist circumference to be 86.5cm on your first measurement, and 87cm on your second measurement, you should take a third measurement. If your third measurement is 86.3cm, average the two closest measurements (86.5cm and 86.3cm), and record their average (86.4cm) as your waist circumference.

5. **Optionally, use a spring-loaded measuring tape.**

Applying consistent pressure is key for taking reliable circumference measurements. By varying how tightly you squeeze the measuring tape, you can significantly alter a circumference measurement. It doesn’t take too long to learn how to apply the same level of pressure each time, but using a spring-loaded measuring tape can completely negate this concern, and help you take better, more reliable measurements with less practice required.

### Relevance

You have the option of recording up to 18 different circumference measurements in MacroFactor Workouts.

If you just like having more data for the sake of having more data, there’s certainly nothing wrong with tracking all 18 different body circumferences. However, I’d generally recommend focusing on a smaller selection of circumference measurements that actually matter to you. That way, recording body measurements will be less of a chore, and all of the data you collect will be meaningful and actionable.

Speaking personally, I only track my waist circumference and my right arm circumference (flexed, of course). I track my waist circumference because waist circumference is a [pretty good predictor of heart disease risk](https://www.cambridge.org/core/journals/british-journal-of-nutrition/article/abdominal-obesity-and-risk-of-cvd-a-doseresponse-metaanalysis-of-thirtyone-prospective-studies/DE3648207EB5C9EC4EB7982169B5654B) (and waist-to-height ratio is even better), and I have a family history of heart disease. I track my flexed arm circumference because I’m also a meathead, and I want bigger arms. Beyond that, I don’t have a good reason to care about the other body circumferences I could measure. However, I’ll likely start taking other circumference measurements if they do become meaningful to me for some reason. For example, if I wanted to see how a new training program affected my calf growth, I’d start measuring my calf circumference when I started the new training program. 

Your goals and priorities may be different from mine. So, just make sure you’re selecting the measurements that are meaningful to you. If the measurements you take provide you with reliable, actionable insights about your progress toward a goal or outcome that matters to you, you’ll find it easier to consistently take high-quality measurements.

## Read next:

Now that you understand the tips for taking good body measurements, you might enjoy one of these articles next:

[Configure Body Metric and Progress Photo Tracking](https://help.macrofactorapp.com/en/articles/347-configure-body-metric-and-progress-photo-tracking)  
[Tips for Taking Good Progress Photos](https://help.macrofactorapp.com/en/articles/349-tips-for-taking-good-progress-photos)  
[How to Add Progress Photos](https://help.macrofactorapp.com/en/articles/346-how-to-add-progress-photos)"
General,How to Create and Share Before-And-After Photos,https://help.macrofactorapp.com/en/articles/351-how-to-create-and-share-before-and-after-photos,"You can create and share before-and-after photos from progress photos and body measurements you’ve already logged in MacroFactor Workouts.

1. Go to the **Dashboard** tab.
2. Under **Body Metrics**, tap **See All** to open your inner dashboard, then tap the **Progress Photos** tile.
3. At the top of the page, tap **Open Gallery**. This opens the before-and-after photo builder.
4. Tap the button in the bottom-center of the screen. It appears as two stacked rectangles.
5. At the top of the screen, tap **Front**, **Side**, or **Back** to choose the view you want to compare.
6. Select the photos you want to use for your before-and-after comparison.

   * To select a “before” photo, first tap the top picture. Then, tap the picture in your gallery (the ribbon of photos arranged by date along the bottom of the screen) that you’d like to use as your “before” photo.
   * To select an “after” photo, first tap the bottom picture. Then, tap the picture in your gallery that you’d like to use as your “after” photo.
7. Optional: Tap the eyedropper icon in the bottom-right corner to switch between a plain white background, a dark gray background, or a background that matches the color tones of your progress photos.
8. To share your comparison, tap the share icon in the bottom-left corner to open your phone’s sharing menu. From here, you can send the images to a trainer, coach, or friend, or share them on social media.

If you’d like some tips for taking good progress photos, you’ll likely enjoy the knowledge base entry linked above.

## Read next:

Now that you understand how to create and share before-and-after photos, you might enjoy one of these articles next:

[Configure Body Metric and Progress Photo Tracking](https://help.macrofactorapp.com/en/articles/347-configure-body-metric-and-progress-photo-tracking)  
[Tips for Taking Good Body Measurements](https://help.macrofactorapp.com/en/articles/350-tips-for-taking-good-body-measurements)  
[How to Add Progress Photos](https://help.macrofactorapp.com/en/articles/346-how-to-add-progress-photos)"
General,Feature Setting Overview (Workouts),https://help.macrofactorapp.com/en/articles/352-feature-setting-overview-workouts,"The Feature Settings section lets you customize how the app works. Feature Settings control defaults, workflows, and display preferences, so the app better fits how you train and log.

You can find Feature Settings by going to **More** > **Feature Settings**.  
  
Below is a brief overview of each section.

### Dashboard

Dashboard settings control what appears on your main dashboard and how it is organized. If you want to change what you see first when you open the app or rearrange dashboard sections, start here.

### Workouts

Workout settings let you customize training defaults in more detail. This includes options like enabling rest timer sounds, disabling Smart Warm-Ups, or changing default rest timers for specific exercises. If you want to adjust how workouts behave, this is the place to do it.

### Shortcuts

Shortcuts settings control quick actions throughout the app. If you want faster access to programs or workouts and fewer taps overall, this section helps you customize that flow.

### Exercises

Exercise settings manage your exercise library. You can view existing exercises or create custom ones. If you are cleaning up your exercise list or adding new movements, this is where to go.

### Gym Profiles

Gym Profiles let you set up different training environments with specific equipment. This is useful if you train in multiple locations.

Here you can:

* Create multiple gym profiles.
* Set available equipment for each gym.
* Choose a default gym.

If you are ever unsure where a setting lives, Feature Settings is a good first place to check.

## Read next:

Now that you’ve learned about the Feature Settings, you might enjoy one of these articles next:

[Getting to Know Your Workouts Dashboard](https://help.macrofactorapp.com/en/articles/275-getting-to-know-your-workouts-dashboard)

[Changing Unit Preferences](https://help.macrofactorapp.com/en/articles/353-changing-unit-preferences)

[Integrations](https://help.macrofactorapp.com/en/articles/354-integrations)"
General,Changing Unit Preferences,https://help.macrofactorapp.com/en/articles/353-changing-unit-preferences,"If you want to use kilograms instead of pounds, feet and inches instead of centimeters, or adjust time units, you can update those settings here.

To access unit preferences:

1. Go to the **More** tab.
2. Under **General**, tap **Units**.
3. Adjust your unit preferences as needed.

## Read next:

Now that you’ve learned how to change unit preferences, you might enjoy one of these articles next:

[Editing the Settings of an Exercise](https://help.macrofactorapp.com/en/articles/357-switch-between-dark-and-light-mode)

[Switching Between Dark and Light Mode](https://help.macrofactorapp.com/en/articles/357-switch-between-dark-and-light-mode)

[Integrations](https://help.macrofactorapp.com/en/articles/354-integrations)"
General,Integrations (Workouts),https://help.macrofactorapp.com/en/articles/354-integrations-workouts,"Integrations allow MacroFactor Workouts to read or share training-related data with supported health platforms. These integrations are optional and do not replace in-app logging.

To manage an integration: Go to **More >** General **>** **Integrations**.

### Supported platforms

MacroFactor Workouts supports the following health platforms:

* Apple Health (iOS)
* Google Health Connect (Android)

These serve as a central hub that allows compatible apps to share data.

### Using third-party devices and apps

Devices and apps, such as smartwatches or fitness trackers, will not connect directly to MacroFactor Workouts. However, many of them can sync data to Apple Health or Google Health Connect. If your device or app syncs to one of those platforms, its data *may* be available to MacroFactor Workouts indirectly through that connection.

For example, if a device writes step activity data to Apple Health or Google Health Connect, MacroFactor Workouts can access that data through the health platform, depending on the permissions you grant.

### Setting up an integration

To enable an integration: Go to **More >** General **> Integrations**.

## Read next:

Now that you’ve learned about integrations, you might enjoy one of these articles next:  
  
[Force Data Syncing](https://help.macrofactorapp.com/en/articles/355-force-data-syncing)  
[Export Your Data](https://help.macrofactorapp.com/en/articles/356-export-your-data)  
[Troubleshoot Internet Connectivity](https://help.macrofactorapp.com/en/articles/366-troubleshoot-internet-connectivity)"
General,Force Data Syncing (Workouts),https://help.macrofactorapp.com/en/articles/355-force-data-syncing-workouts,"1. Ensure your data is recorded in the platform you want to sync from (Apple Health, Health Connect).
2. Make sure there’s no manual entry for the day, or a higher priority entry for the day, in MacroFactor Workouts. Higher priority entries will prevent a sync from occurring.
3. Wait 5-10 minutes.
4. Swipe down on the main dashboard (“overswiping”) until you see a little loading circle appear.
5. Once this loading circle completes, it will force an attempted sync and update your data accordingly.

## Read next:

Now that you’ve learned about force data syncing, you might enjoy one of these articles next:

[Integrations](https://help.macrofactorapp.com/en/articles/354-integrations)

[Troubleshoot Internet Connectivity](https://help.macrofactorapp.com/en/articles/366-troubleshoot-internet-connectivity)

[Export Your Data](https://help.macrofactorapp.com/en/articles/356-export-your-data)"
General,Export Your Data (Workouts),https://help.macrofactorapp.com/en/articles/356-export-your-data-workouts,"The best way to export your data in bulk is to use the Data Export feature.

1. Go to the **More** tab.
2. Under **Data Management**, tap **Data Export**.
3. Once you’re there, you have two options to choose from: **Quick Export** or **Granular Export**.

### Quick Export

If you choose Quick Export, you can:

* Select a time frame for the export.
* Choose whether to include MacroFactor Workouts data, MacroFactor Nutrition data, or both.

Quick Export generates a single spreadsheet that provides a high-level snapshot of your selected data over the chosen time period.

### Granular Export

If you choose Granular Export, you can select specific datasets to export in more detail.

This includes individual workout-related data such as:

* Exercises
* Muscle groups
* Gym profiles

You can also include nutrition and weight data, if desired.

After making your selections, tap **Export** to generate the spreadsheet.

## Read next:

Now that you’ve learned how to export your data, you might enjoy one of these articles next:

[Viewing Sets and Volume Over Time](https://help.macrofactorapp.com/en/articles/343-viewing-sets-and-volume-over-time)

[Understanding Levels](https://help.macrofactorapp.com/en/articles/342-understanding-levels)

[How to Permanently Delete Your Account and Data](https://help.macrofactorapp.com/en/articles/371-how-to-permanently-delete-your-account-and-data)"
General,Switch Between Dark and Light Mode,https://help.macrofactorapp.com/en/articles/357-switch-between-dark-and-light-mode,"1. Go to the **More** tab.
2. Under the section titled **Theme**, choose between System, Light, or Dark.

""Dark"" and ""Light"" modes should be self-explanatory. ""System"" mode keeps the app in the same mode as your phone: light when your phone is in light mode and dark when your phone is in dark mode.

## Read next:

Now that you’ve learned how to switch between dark and light mode, you might enjoy one of these articles next:

[Managing Shortcuts](https://help.macrofactorapp.com/en/articles/365-managing-shortcuts)

[Feature Setting Overview](https://help.macrofactorapp.com/en/articles/352-feature-setting-overview)

[Troubleshoot Internet Connectivity](https://help.macrofactorapp.com/en/articles/366-troubleshoot-internet-connectivity)"
General,Change Your Lifting Experience,https://help.macrofactorapp.com/en/articles/358-change-your-lifting-experience,"1. Go to **More** > General > **Account**.
2. On the Account page, next to **Lifting Experience**, tap **Edit**.
3. Make your selection.

## Read next:

Now that you’ve learned how to change your lifting experience, you might enjoy one of these articles next:

[Create a New Program via Smart Generation](https://help.macrofactorapp.com/en/articles/285-create-a-new-program-via-smart-generation)  
[Set Up Your Gym Profiles](https://help.macrofactorapp.com/en/articles/300-set-up-your-gym-profiles)  
[Feature Setting Overview](https://help.macrofactorapp.com/en/articles/352-feature-setting-overview)"
General,Change Your Cardio Experience,https://help.macrofactorapp.com/en/articles/359-change-your-cardio-experience,"1. Go to **More** > General > **Account**.
2. On the Account page, next to **Cardio Experience**, tap **Edit**.
3. Make your selection.

## Read next:

Now that you’ve learned how to change your cardio experience, you might enjoy one of these articles next:

[Create a New Program via Smart Generation](https://help.macrofactorapp.com/en/articles/285-create-a-new-program-via-smart-generation)

[Change Your Lifting Experience](https://help.macrofactorapp.com/en/articles/358-change-your-lifting-experience)

[Feature Setting Overview](https://help.macrofactorapp.com/en/articles/352-feature-setting-overview)"
General,Manage Your Subscription (Workouts),https://help.macrofactorapp.com/en/articles/360-manage-your-subscription-workouts,"You can manage your subscription and renewal settings through your phone’s app store or within MacroFactor.

If you want to change your subscription to a different plan, you can also do this in your phone's app store, or go to **More** > General > **Subscription** in MacroFactor Workouts, select the subscription you’d like to swap to, and then tap **Subscribe**.  
  
While on the Subscriptions page in MacroFactor, you can also view your active subscription and its renewal date. Payment details and subscription cancellations must be managed directly through your phone’s app store.  
  
[Here are the instructions](https://support.apple.com/en-us/HT202039) for canceling or changing your subscription on the Apple App Store.  
[Here are the instructions](https://support.google.com/googleplay/answer/7018481) for canceling your subscription through the Google Play Store.

If you want to read about MacroFactor and subscription bundles, [read here](https://help.macrofactorapp.com/en/articles/393-how-macrofactor-subscriptions-and-bundles-work).

## Read next:

Now that you understand how to manage your subscription, you might enjoy one of these articles next:

[How MacroFactor Subscriptions and Bundles Work](https://help.macrofactorapp.com/en/articles/393-how-macrofactor-subscriptions-and-bundles-work)

[Change Your Password](https://help.macrofactorapp.com/en/articles/362-change-your-password)

[How to Get a Refund](https://help.macrofactorapp.com/en/articles/363-how-to-get-a-refund)"
General,Change Your Email Address on File,https://help.macrofactorapp.com/en/articles/361-change-your-email-address-on-file,"1. Go to **More** > General > **Account**.
2. Under **Security,** next to **Email**, tap **Edit**.
3. Enter your new email address, then tap **Change Email**.
4. You will receive a verification email at the new address. Open it and follow the instructions to confirm the change.

## Read next:

Now that you understand how to change your email address on file, you might enjoy one of these articles next:

[Manage Your Subscription](https://help.macrofactorapp.com/en/articles/360-manage-your-subscription)

[Change Your Password](https://help.macrofactorapp.com/en/articles/362-change-your-password)

[How to Sign Out of the App](https://help.macrofactorapp.com/en/articles/364-how-to-sign-out-of-the-app)"
General,Change Your Password,https://help.macrofactorapp.com/en/articles/362-change-your-password,"1. Go to **More** > General > **Account**.
2. Under **Security**, next to **Password**, tap **Reset**.
3. A message and button will pop up at the bottom of your screen.
4. Tap **Reset Password**. An email will be sent to the email attached to your subscription with instructions and a link to update your password.

## Read next:

Now that you understand how to change your password, you might enjoy one of these articles next:

[Manage Your Subscription](https://help.macrofactorapp.com/en/articles/360-manage-your-subscription)

[Change Your Email Address on File](https://help.macrofactorapp.com/en/articles/361-change-your-email-address-on-file)

[How to Sign Out of the App](https://help.macrofactorapp.com/en/articles/364-how-to-sign-out-of-the-app)"
General,How to Get a Refund,https://help.macrofactorapp.com/en/articles/363-how-to-get-a-refund,"All of our payments are handled via the Apple App Store and the Google Play Store. The process varies depending on your platform.

### For the Apple App Store:

We are unable to cancel/manage subscriptions or issue refunds from our side. The trials, subscriptions, and payment processing are all securely handled by Apple. This is true of all apps that exclusively use Apple's payment system.

To request a refund, you will need to use [Apple's support portal](https://getsupport.apple.com/).  
  
From there, tap **iPhone**, then **Subscriptions and purchases**, then **Request a refund**.

In general, Apple processes refunds within 60 days of payment, unless there are issues with the transaction.

### For the Google Play Store:

If you contact the Google Play Store directly, they will process a refund so long as it’s within 48 hours of the purchase.

We are also able to offer refunds from our end. Contact us in the app by going to **More** > Community & Support > **Support** > **Talk with MF Support**, or shoot us an email at [support@macrofactorapp.com](mailto:support@macrofactorapp.com), and we can handle it for you.

Because our trials, subscriptions, and payments are handled directly by Google Play, it may take some time between when we issue the refund and when Google Play processes the refund, but you should receive a confirmation email from Google Play shortly after the refund is processed.

## Read next:

Now that you understand how to get a refund, you might enjoy one of these articles next:

[Manage Your Subscription](https://help.macrofactorapp.com/en/articles/360-manage-your-subscription)

[Export Your Data](https://help.macrofactorapp.com/en/articles/356-export-your-data)

[How to Permanently Delete Your Account and Data](https://help.macrofactorapp.com/en/articles/371-how-to-permanently-delete-your-account-and-data)"
General,How to Sign Out of the App,https://help.macrofactorapp.com/en/articles/364-how-to-sign-out-of-the-app,"1. Go to **More** > **Account**.
2. Tap **Log out**.

## Read next:

Now that you understand how to sign out of the app, you might enjoy one of these articles next:

[Manage Your Subscription](https://help.macrofactorapp.com/en/articles/360-manage-your-subscription)

[Export Your Data](https://help.macrofactorapp.com/en/articles/356-export-your-data)

[How to Permanently Delete Your Account and Data](https://help.macrofactorapp.com/en/articles/371-how-to-permanently-delete-your-account-and-data)"
General,How to Permanently Delete Your Account and Data,https://help.macrofactorapp.com/en/articles/371-how-to-permanently-delete-your-account-and-data,"You can permanently delete your account and all associated data at any time. This deletion is instant and cannot be undone. After signing in to the app, you can delete your account and data whether or not you have an active subscription.

You also have options for removing data without deleting your account. Deletion can be done in one of two ways:

### **Granular delete**

Delete specific data types without removing your account. Granular delete lets you permanently remove individual categories of data.

### **Bulk delete**

Bulk delete lets you remove multiple categories of data at once while keeping your account active. This action cannot be undone.

**If your subscription is active**

1. Go to the **More** tab.
2. Under **Data Management**, tap **Account & Data Deletion**.
3. Toggle to **Delete Your MacroFactor Account and All Associated Data.**
4. Tap **Delete Data** at the bottom of your screen to delete your account.

**If your subscription is inactive**

1. Tap the three-dot icon in the top-right corner of the screen.
2. Tap **Delete Account & Data**.

**Important:** Deleting your account does not cancel your subscription. To cancel or manage your subscription, you must do so through your phone’s app store.

## Read next:

Now that you understand how to permanently delete your account and data, you might enjoy one of these articles next:

[Manage Your Subscription](https://help.macrofactorapp.com/en/articles/360-manage-your-subscription)

[Export Your Data](https://help.macrofactorapp.com/en/articles/356-export-your-data)

[How to Sign Out of the App](https://help.macrofactorapp.com/en/articles/364-how-to-sign-out-of-the-app)"
General,Managing Shortcuts (Workouts),https://help.macrofactorapp.com/en/articles/365-managing-shortcuts-workouts,"Shortcuts let you get to the parts of the app you use most without digging through menus. To get there, you have two options.

**Option 1**

1. Tap the **+** icon in the center of the bottom navigation to open **Shortcuts**.
2. To the right of **Shortcuts**, tap the **settings icon** to open shortcut settings.

**Option 2**

1. Go to the **More** tab.
2. Under **Feature Settings**, tap **Shortcuts**.
3. From the settings screen, you can control how shortcuts are displayed.

**Available workout shortcuts**

* **Weight:** Quickly log a weigh-in.
* **Metrics:** Add body-fat percentage or body measurements.
* **Photos:** Add progress photos.
* **History:** Jump to your workout history.
* **New program:** Start building a new training program.
* **New workout:** Create a one-off workout.

Tap **Add or Remove Shortcuts** to toggle which shortcuts appear.

### Ordering shortcuts

With **Order** selected, drag the handle on the right to change the order shortcuts appear in the app. The first item will show at the top.

### Color options

With **Color** selected, you can assign a color to each shortcut. Colors are optional and only affect how shortcuts look, not how they function.

### Resetting changes

Tap **Reset** **to App Defaults** to restore the original shortcut order and colors.

## Read next:

Now that you’ve learned how to manage shortcuts, you might enjoy one of these articles next:

[Getting to Know Your Workouts Dashboard](https://help.macrofactorapp.com/en/articles/275-getting-to-know-your-workouts-dashboard)

[Featured Settings Overview](https://help.macrofactorapp.com/en/articles/352-feature-setting-overview)

[How to Customize Your Dashboard](https://help.macrofactorapp.com/en/articles/283-how-to-customize-your-dashboard)"
General,Troubleshoot Internet Connectivity (Workouts),https://help.macrofactorapp.com/en/articles/366-troubleshoot-internet-connectivity-workouts,"MacroFactor Workouts is not an offline-first application, and does not have a true offline mode. However, MacroFactor Workouts does have a limited offline mode that prevents faults and interruptions that could occur when connectivity is limited or temporarily unavailable.

When launching the app, depending on the state of the limited offline mode’s cache, MacroFactor Workouts sometimes needs to access the internet to load your account and validate your subscription. If the app takes an unusually long time to launch, it’s likely due to an internet-related issue. An irregular amount of time to launch would be:

* Indefinite loading
* Loading for more than 5 seconds on the first launch
* Loading for more than 2 seconds on repeat launches

Please note that your ability to browse the internet or view one app can be, but is not always, distinct from your ability to view another app.

To remediate this issue, try the following steps (in order of likelihood):

1. If you are at home, turn off your phone’s Wi-Fi to force your device to temporarily use Cellular data. Then close the app on your phone and reopen it; if it loads much faster, consider restarting your home Wi-Fi router.

2. If you are out and about, it’s possible that this was only an unfortunately timed intermittent connection issue that you won’t encounter again. Try waiting a few moments, or moving to a new location, and re-launching the app.

3. If you use a software or hardware ad-blocking solution that interacts with DNS, try adding [revenuecat.com](http://revenuecat.com) to your whitelist. This is the service provider we use to make your subscription portable across platforms; it is not used for any tracking. MacroFactor Workouts doesn’t use any ad networks or tracking solutions, and doesn’t even have the capability to serve ads.

## Read next:

Now that you understand how to troubleshoot internet connectivity, you might enjoy one of these articles next:

[**Integrations**](https://help.macrofactorapp.com/en/articles/354-integrations)[**IntegrationsForce Data SyncingManage Your Subscription**](https://help.macrofactorapp.com/en/articles/355-force-data-syncing)[**Manage Your Subscription**](https://help.macrofactorapp.com/en/articles/360-manage-your-subscription)"
General,How MacroFactor Subscriptions and Bundles Work (Workouts),https://help.macrofactorapp.com/en/articles/394-how-macrofactor-subscriptions-and-bundles-work-workouts,"MacroFactor Workouts and MacroFactor Nutrition can each be subscribed to individually, or together as a bundled plan.

If you want to subscribe to **one app only** (either MacroFactor Nutrition or MacroFactor Workouts), the pricing options are:

* $11.99/month
* $47.99/half year
* $71.99/year

All prices listed on this page are in USD. Prices may vary based on your location’s exchange rate and tax requirements.

If you want access to **both apps**, you can subscribe to the **MacroFactor bundle**, which includes full access to both MacroFactor Nutrition and MacroFactor Workouts.

## **Option #1: Legacy MacroFactor Nutrition subscribers**

If you had an active MacroFactor Nutrition subscription before January 1, 2026 and continue to maintain your subscription, **you’ll receive free access to MacroFactor Workouts** through January 12, 2027.

After the promotional period, you will still be able to get an annual subscription for an MF bundle. Your bundled plan will be $89.99/year for access to both apps. This is a massive value: Upgrading to the bundle is only an additional $18/year (or $1.50/month) than subscribing to the yearly plan for just one app.

### **How to redeem your access:**

Step 1: Make sure you have a MacroFactor account. Check the email you used to sign in by going to More > Account > Profile > Email.  
Step 2: Download MacroFactor Workouts in the [App Store](https://apps.apple.com/us/app/macrofactor-workouts-tracker/id6737156524) or [Google Play](https://play.google.com/store/apps/details?id=com.sbs.train).  
Step 3: Sign in with the same account you use for MacroFactor (nutrition).

If you’re eligible for promotional access, you will not be asked to pay. If you see a paywall, log out and back in using the same email and authentication method.

## **Option #2: If you’re a new MacroFactor user**

If you started using MacroFactor on or after January 1, 2026, you can subscribe to the MacroFactor bundle for $89.99/year.

The bundle includes full access to both MacroFactor Nutrition and MacroFactor Workouts.

### **If you started with MacroFactor Nutrition**

How to subscribe to the bundle:

Step 1: Open the app and go to More > Subscription.  
Step 2: Select the Bundle option and tap Subscribe.  
**Note: Make sure both apps are downloaded and sign in using the same account credentials**.

### **If you started with MacroFactor Workouts**

How to subscribe to the bundle:

Step 1: Open the app and go to More > Subscription.  
Step 2: Select the Bundle option and tap Subscribe.  
**Note: Make sure both apps are downloaded and sign in using the same account credentials**.

## **Read next:**

Now that you understand how MacroFactor subscriptions and bundles work, you might enjoy one of these articles next:

[Manage Your Subscription](https://help.macrofactorapp.com/en/articles/71-manage-your-subscription)

[Change your Subscription Length](https://help.macrofactorapp.com/en/articles/54-change-your-subscription-length)

[Change Your Email Address on File](https://help.macrofactorapp.com/en/articles/60-change-your-email-address-on-file)"
General,GrapheneOS (Workouts),https://help.macrofactorapp.com/en/articles/401-grapheneos-workouts,"We don’t officially support GrapheneOS, which means that we aren’t testing every release of our apps on a variety of GrapheneOS devices and OS versions like we do for Android and iOS.   
  
We do have a single GrapheneOS test device, and are able to verify as needed that our apps work with this operating system. We can’t guarantee it will continue to work, as we can’t predict what the future of this operating system that less than 1% of our users have on their devices looks like. But, until this article says otherwise, our understanding is that **GrapheneOS works**, and we’ve had to take considerable steps to make that the case.

It’s quite simple, if you’ve installed GrapheneOS as per the official installation guide, and then you downloaded MacroFactor or MacroFactor Workouts using the sandboxed Google Play Store which is automatically included after installing Google Play services from the GrapheneOS App Store, our apps should run normally.  
  
When MacroFactor or MacroFactor Workouts launches you should get a notification that the app used the Play Integrity API (with a configuration that support GrapheneOS), do not choose to block usage attempts on the dialog tied to that notification.  
  
As per the GrapheneOS documentation: “The Play Store app is also the most secure way to install and update apps from the Play Store.” This absolutely true, and you’re taking unnecessary risks if you’re trying to do it any other way. The documentation also points out that you can instance the Google Play services installation into an extra profile designed only for apps that need Google Play services to function should you choose to do so."
General,What Information Does MacroFactor Workouts Use to Generate My Program?,https://help.macrofactorapp.com/en/articles/370-what-information-does-macrofactor-workouts-use-to-generate-my-program,"When you use the [Smart Generation](https://help.macrofactorapp.com/en/articles/285-create-a-new-program-via-smart-generation) in MacroFactor Workouts, the app builds your plan using the information you provide during setup.

The program generator uses:

* Your primary training goal, such as strength or hypertrophy.
* Your training experience, which helps guide appropriate starting volumes and intensity ranges.
* Your training schedule, including how many days per week you train and how long each session is.
* Your available equipment, based on your selected gym profile.
* [Exercise exclusions](https://help.macrofactorapp.com/en/articles/337-how-to-prevent-exercises-from-being-suggested), to avoid movements you do not want to perform.
* Program structure choices, such as splits and areas of emphasis.

Using these inputs, MacroFactor Workouts generates a complete program that includes exercise selection and set and rep targets that fit your setup. After you start training, your logged sets are used to improve recommendations over time.

## Read next:

Now that you’ve learned how MacroFactor Workouts generates your program, you might enjoy one of these articles next:

[**Create a Program via Smart Generation**](https://help.macrofactorapp.com/en/articles/285-create-a-new-program-via-smart-generation) [**What is RIR?**](https://help.macrofactorapp.com/en/articles/385-what-is-rir-and-how-should-i-use-it-during-training)[**Understanding and Using Smart Progressions**](https://help.macrofactorapp.com/en/articles/305-understanding-and-using-smart-progressions)"
General,Can I Use the App if I Already Have a Program I Like?,https://help.macrofactorapp.com/en/articles/367-can-i-use-the-app-if-i-already-have-a-program-i-like,"Yes, you can use MacroFactor Workouts even if you already have a program.

Depending on the format of your program, you have two options:

**Option 1: Import a program**

Read details on importing a program [here](https://help.macrofactorapp.com/en/articles/287-how-to-import-a-workout-or-program). 

**Option 2: Use the Build from Scratch feature**You can manually build your own program in the app by selecting your exercises, sets, reps, and cycles using the [Build from Scratch](https://help.macrofactorapp.com/en/articles/286-create-a-new-program-via-build-from-scratch) option during program creation. Once you start logging workouts, MacroFactor Workouts can still provide [progression guidance](https://help.macrofactorapp.com/en/articles/305-understanding-and-using-smart-progressions) and track your training data over time.

This lets you keep the program structure you like while using the app to log workouts, monitor progress, and adjust loads based on your performance.

## Read next:

Now that you’ve learned to use MacroFactor Workouts with an existing program, you might enjoy one of these articles next:

[Create a New Program via Build From Scratch](https://help.macrofactorapp.com/en/articles/286-create-a-new-program-via-build-from-scratch)  
[How to Import a Workout or Program](https://help.macrofactorapp.com/en/articles/287-how-to-import-a-workout-or-program)  
[Add or Remove Exercises From a Program](https://help.macrofactorapp.com/en/articles/292-add-or-remove-exercises-from-a-program)"
General,Do I Need Access to a Full Gym to Use MacroFactor Workouts?,https://help.macrofactorapp.com/en/articles/368-do-i-need-access-to-a-full-gym-to-use-macrofactor-workouts,"No, you do not need access to a full gym to use MacroFactor Workouts.

During setup, you select the equipment you have access to by choosing (or creating) a gym profile. MacroFactor Workouts then uses that information to build programs and recommend exercises that fit your available equipment.

You can use the app with a home gym, limited equipment, or a commercial gym. If your equipment access changes, [you can switch gym profiles or update your profiles](https://help.macrofactorapp.com/en/articles/300-set-up-your-gym-profiles) to show the additions or changes over time. 

## Read next:

Now that you’ve learned about equipment requirements, you might enjoy one of these articles next:  
  
[Set Up Your Gym Profiles](https://help.macrofactorapp.com/en/articles/300-set-up-your-gym-profiles)  
[Create a New Program via Smart Generation](https://help.macrofactorapp.com/en/articles/285-create-a-new-program-via-smart-generation)  
[Swap Exercises](https://help.macrofactorapp.com/en/articles/299-swap-exercises)"
General,How Often Does My Program Update?,https://help.macrofactorapp.com/en/articles/369-how-often-does-my-program-update,"Once a program is created, it stays the same unless you choose to edit or create a new one. This includes exercise selection, weekly layout, and sets and reps. Your program and overall structure will not change automatically. However, as you log workouts, MacroFactor Workouts *uses your training data to update recommendations*, such as suggested weights or reps. These updates occur as soon as you finish a workout (for example, when you complete Workout A this week, your targets for Workout A next will will be updated).

Changes to exercise selection or the overall structure of the program itself only occur if you manually adjust the program or create a new one altogether.

## Read next:

Now that you’ve learned about program updates, you might enjoy one of these articles next:

[Understanding and Using Smart Progressions](https://help.macrofactorapp.com/en/articles/305-understanding-and-using-smart-progressions)  
[Edit or Delete a Workout](https://help.macrofactorapp.com/en/articles/318-edit-or-delete-a-workout)  
[How to Prevent Exercises From Being Suggested](https://help.macrofactorapp.com/en/articles/337-how-to-prevent-exercises-from-being-suggested)"
General,Will Smart Progression Work with Altered or Customized Programs?,https://help.macrofactorapp.com/en/articles/387-will-smart-progression-work-with-altered-or-customized-programs,"Yes. [Smart Progression](https://help.macrofactorapp.com/en/articles/305-understanding-and-using-smart-progressions) works with **smart-generated programs, altered smart-generated programs, and customized programs**.

Smart Progression is based on what you log during your training sessions, not on how the program was created or organized.

If you edit a smart-generated program by changing exercises, [adjusting sets](https://help.macrofactorapp.com/en/articles/295-change-sets-for-exercises-in-a-program) or [reps](https://help.macrofactorapp.com/en/articles/294-change-minimum-and-maximum-reps-for-exercises-in-a-program), or [modifying RIR](https://help.macrofactorapp.com/en/articles/293-setting-rir-for-exercises-in-a-program) targets, Smart Progression will adapt to the new structure.

## A few things to keep in mind

* Smart Progression does not change your program’s exercises. Once a program is created, whether generated or custom-built, the exercises remain the same.
* If you change sets, reps, or RIR targets, future recommendations will reflect those changes.
* Smart Progression is not the same as periodization. Smart Progression adjusts recommendations based on what you log, but it does not change your program structure. If you want your sets, reps, or RIR to change week to week, you need to enable periodization in a customized program. Smart-generated programs apply periodization automatically.

## Read next:

Now that you know how Smart Progression works with customized programs, you might enjoy one of these articles next:

[Understanding and using smart progressions](https://help.macrofactorapp.com/en/articles/305-understanding-and-using-smart-progressions)

[How often the app update my program?](https://help.macrofactorapp.com/en/articles/369-how-often-does-my-program-update)

[Can I change sets or reps in a smart-generated program?](https://help.macrofactorapp.com/en/articles/374-can-i-change-sets-or-reps-in-a-smart-generated-program)"
General,What Does Progressive Overload Mean in MacroFactor Workouts?,https://help.macrofactorapp.com/en/articles/372-what-does-progressive-overload-mean-in-macrofactor-workouts,"Progressive overload means gradually increasing the demands placed on your muscles over time so your training continues to drive adaptation.

In MacroFactor Workouts, this usually shows up as small changes to recommendations, such as increases in weight, reps, or both, based on how you perform your logged sets. If your performance supports it, the app may recommend progressing. If not, it may recommend holding steady or reducing load.

The goal is to apply enough challenge to keep you progressing while avoiding jumps that are too aggressive or difficult to sustain.

Progressive overload on a program using autoprogression typically takes one of two forms:

1. For sets performed to failure (i.e., with a target of 0 reps in reserve), your training loads will progress if your performance in the set exceeds your prior performances. For example, if you completed 10 reps with 150lb last week and 11 reps with 150lb this week, this increase in performance will tell the app that your load or rep targets should increase.
2. For sets not performed to failure (i.e., with a target of at least 1 rep in reserve), you’ll be assigned a target rep range and an RIR target. For example, your target may be 150lb for 7-9 reps with 2RIR. Your expected maximum performance is the middle value of in this rep range, plus your RIR target (in this example, that means the app predicts that if you did a set to failure with 150lb, you could complete 8+2=10 reps). If your performance in this set exceeds those expectations, that will tell the app your load or rep targets should increase. For example, if you complete 9 (or more) reps with 2RIR, that would be indicative of progress. However, the app will still recognize and account for progress even if you deviate from your recommended RIR (for example, if you log 8+ reps with 3RIR, 10+ reps with 1RIR, or 11+ reps with 0 RIR, any of those performances would suggest that your load or rep targets should increase).

## Read next:

Now that you’ve learned about progressive overload, you might enjoy one of these articles next:

[Understanding and Using Smart Progression](https://help.macrofactorapp.com/en/articles/305-understanding-and-using-smart-progressions)  
[Changing RIR During and Active Workout](https://help.macrofactorapp.com/en/articles/314-changing-rir-during-an-active-workout)  
[What Information Does MacroFactor Workouts Use to Generate My Programs?](https://help.macrofactorapp.com/en/articles/370-what-information-does-macrofactor-workouts-use-to-generate-my-program)"
General,Why Does the App Sometimes Recommend Lowering Weight or Reps?,https://help.macrofactorapp.com/en/articles/373-why-does-the-app-sometimes-recommend-lowering-weight-or-reps,"MacroFactor Workouts bases its recommendations on: 

* The weight and reps you log
* The RIR target you use
* How your logged performance compares to expectations
* Your accumulated logging history for that exercise

That information helps estimate how challenging the set was relative to what was expected. If a set is logged as harder than intended, future recommendations *may* be adjusted downward to better match your current needs.

For example, if your program calls for sets of eight reps at a given weight and you only complete six reps, the app may recommend slightly less weight next time. Or, if it calls for 8 reps with 2RIR, but you only had 1RIR remaining after completing all 8 reps, your recommended load may decrease slightly.

Just keep in mind that progression recommendations are never punitive – our goal is always to optimally align your training recommendations to your current needs and abilities.

You can read more about smart progressions [here](https://help.macrofactorapp.com/en/articles/305-understanding-and-using-smart-progressions).

## Read next:

Now that you’ve learned why recommendations change, you might enjoy one of these articles next:

[Changing RIR During an Active Workout](https://help.macrofactorapp.com/en/articles/314-changing-rir-during-an-active-workout)  
[Understanding and Using Smart Progression](https://help.macrofactorapp.com/en/articles/305-understanding-and-using-smart-progressions)  
[Remove or Add Smart Warm-Ups](https://help.macrofactorapp.com/en/articles/311-remove-or-add-smart-warm-ups)"
General,Can I Change Sets or Reps in a Smart-Generated Program?,https://help.macrofactorapp.com/en/articles/374-can-i-change-sets-or-reps-in-a-smart-generated-program,"Yes, you can change sets or reps in the smart-generated program.

If you adjust sets, reps, or rep ranges, the program will continue using your updated structure. As you log workouts, MacroFactor Workouts bases future recommendations on what you actually perform, not on the original defaults. 

And what’s great is this lets you customize the program to better fit your preferences while still using the app to help with progression over time.

## Read next:

Now that you’ve learned about customizing smart-generated programs, you might enjoy one of these articles next:

[Edit or Delete a Workout](https://help.macrofactorapp.com/en/articles/318-edit-or-delete-a-workout)  
[Add or Remove Exercises From a Program](https://help.macrofactorapp.com/en/articles/292-add-or-remove-exercises-from-a-program)  
[Change Sets for Exercises in a Program](https://help.macrofactorapp.com/en/articles/295-change-sets-for-exercises-in-a-program)"
General,"How Can I Customize Periodization (RIR, Reps, and Sets) for the Exercises in My Program?",https://help.macrofactorapp.com/en/articles/389-how-can-i-customize-periodization-rir-reps-and-sets-for-the-exercises-in-my-program,"You can [periodize](https://help.macrofactorapp.com/en/articles/388-how-to-enable-periodization-for-custom-programs) RIR, rep ranges, and sets for any exercise in your program, whether the program was created using Smart Generation, built from scratch, or modified by [adding](https://help.macrofactorapp.com/en/articles/292-add-or-remove-exercises-from-a-program) or [swapping exercises](https://help.macrofactorapp.com/en/articles/312-swap-exercises).

Once an exercise is part of your program, its targets can be adjusted across cycles.

You can open any exercise within a workout to adjust:

* Number of sets
* Rep minimums and maximums
* RIR targets

These targets can be set for a single cycle, multiple different cycles, or the entire program.

## Adding or fixing targets for swapped exercises in a generated program

Let’s say you used MacroFactor Workouts to generate a program, but then added or swapped an exercise. You may notice that the new exercise does not have auto-populated sets, reps, or RIR targets like the rest of your generated program.

This does not mean the exercise cannot be periodized, you just have to make a few manual adjustments because you’ve now customized the program.

To add targets:

1. Go to the **Workout** tab.
2. Select the program you want to edit.
3. Navigate to the exercise you want to add targets to.
4. Select inside the cycle box.

   ![](https://staticfiles.gleap.io/gattachments/88j9acJ5SXB2eKwQYIMi5uQ6E4l4AQlqdoth3WIr6F0UFriOiB3ibaX79lEasezl6SnKnhlX9mj.png)
5. Adjust the sets, reps, and RIR as desired.

   ![](https://staticfiles.gleap.io/gattachments/swZFs2Ne8AdOoABLIRp6ZWGZDqbXTs2clTpDhYcqXeCX1ZDUcIxUpgfFbOE1VMqlGINCu9Fcnsn.png)
6. Tap **Save** or **Save to All Weeks.**

![](https://staticfiles.gleap.io/gattachments/kM96IrX2rtBFrCXfUHs6R6Ed57lubTMqg8604C0Bm5QOBI7ecpNMiJWuBJfW5sVxV7aQ5YXq0U8.png)

## Adding or fixing targets for exercises in a custom program

If you haven’t yet, I highly recommend reading [this detailed post on building a program from scratch](https://help.macrofactorapp.com/en/articles/286-create-a-new-program-via-build-from-scratch). It goes into more detail about targets and set types.

1. Go to the **Workout** tab.
2. Select the program you want to edit.

   ![](https://staticfiles.gleap.io/gattachments/CpNDGJuQmzmYQ860RclLCeypHgr3UDNNMeO594m9T3Y4dVP8I91Fd5CJypogJ3JG4pjtXq7MdPQ.png)
3. Navigate to the exercise you want to add targets to.
4. Select inside the cycle box.

   ![](https://staticfiles.gleap.io/gattachments/i8dBuG96Kpz71niABOSGnygjTzSBQAAc8SwvO3gUTJ7rLha33v30oQfzOfjhw83Vaaj7fJaLAQM.png)
5. Adjust the sets, reps, and RIR as desired. This is also where you can [change set types](https://help.macrofactorapp.com/en/articles/317-logging-different-types-of-sets), like adding myo reps, failure sets, or drop sets.

   ![](https://staticfiles.gleap.io/gattachments/fI7lwd9AyyZfmd6PyhW0bCXVulzJBdOVCNa3O8kZTOxBYhcoV8uokFTASthXq5eBcYWBo1A32TR.png)
6. Tap **Save** (see below for explanations of the available save options).

![](https://staticfiles.gleap.io/gattachments/pouZy6CJROcghVB0Iyy3mZUtrfyr9ZqAzF1qLzQCTGt8shXWsPveABfD2I9cyt1Z7ePTWQLQBbZ.png)

To enable periodization so targets populate across all weeks:

1. Tap the settings icon in the top-right corner.

   ![](https://staticfiles.gleap.io/gattachments/AClSYYPrj1Ty5TX77M4GLPgmmTxnP21zmfNEyR5IydvU4Tn0aQlzAklHSlTLVBUDCijvYt9eAGN.png)
2. Toggle **Periodization** on.

Once enabled, you will see cycles auto-fill for exercises.

![](https://staticfiles.gleap.io/gattachments/rgbAvUfxQ8OHeTWRTcM4sRgcOu9hrHPfZlwYfx42Lb2WR0aSqBUi5fzXBUNeSwsPPwE0FhUWAMs.png)

You can also save all targets, reps, and RIRs for other exercises (see below for an explanation of target save options).

![](https://staticfiles.gleap.io/gattachments/qc8AMVYzFkTNwLupesQCz2i41WEUnkQjKBvlb8nbEU38fFO3ej4qOB3FlFqWH7ep2zpUwYe70tf.png)

## Changing targets for a specific week

Now, let’s say that in **week 3**, you want to change things up.

You can do that without changing the rest of the program:

1. Go to the **Workout** tab.
2. Select the program you want to edit.
3. Navigate to the exercise you want to adjust.
4. Scroll through the cycle weeks and select the cycle box of the week you want to modify (for example, week 3).

   ![](https://staticfiles.gleap.io/gattachments/2msU6G3YMUasb9CKMQyC6ggOsVbqgeSQtIg7cI0S8hTI00jJIsLBZfZ1l5RvP7JFbdD7JlcdJ0h.png)
5. Edit the targets for that cycle.

   ![](https://staticfiles.gleap.io/gattachments/g8pt5jqBmqvbXJhuuBZFtIliNp3e34vLsI8oZRDOsI4v9NZrgv0s8DnKOFMHZJnVYfQCQmnNCHq.png)
6. If you save the changes for that cycle only, you’ll see them affect only that cycle.

   ![](https://staticfiles.gleap.io/gattachments/XWxaX45kfWmfHoydXRuvTZBywjwb5AHsfvmzk5VHgpjUUvTmrFMtBKvkkBv7VVHtzbBzqDZW8qm.png)

You can also apply those changes to **all exercises for that day**. This works well if you want to test a specific training approach, such as increasing effort or using a single week, without affecting the rest of your cycles.

![](https://staticfiles.gleap.io/gattachments/zl1IXDnZmoYULSPWgsfrA7bHOc2R1BMjt3G7w7HqBSspbkKvNaF2jrrIUB3avn9zJMp3vuJOKu9.png)

### Adding Deloads

As with the generated program, you can also specify deloads in your program. Just tap the settings icon in the top-right corner.

![](https://staticfiles.gleap.io/gattachments/lbheshyGbhDr6GU4ajzHeaID4saGdHqJaAJZuRBD4H3lnPiOWZna3Kdq4V7Wzp4p26aTBxJAtVN.png)

And select if you want to deload at the beginning or end of your cycle.

![](https://staticfiles.gleap.io/gattachments/NNeZestCtqEIMz36MLYXsDKg85RJOinUsZZS1W68ORlmbYrmm71S68xJcsGgwAnsJ0WN6KHyCcS.png)

Utilizing all of this, you can get into the weeds of your training program regarding specifics and customizations.

## Understanding target save options

When you edit an exercise’s targets, you can choose how broadly those changes apply:

* **Current cycle only:** Applies the changes to that one cycle (week).
* **All cycles for that exercise:** Sets consistent targets for that movement across the entire program.
* **All exercises for the day**: Saves for all exercises in that current cycle, but none before or after.
* **All exercises and all cycles:** Applies the same sets, reps, and RIR to every exercise in the program. This option updates all exercises and cannot be undone, so use it carefully.

## **Read next:**

Now that you know how to customize exercise targets, you might enjoy one of these articles next:

[Setting RIR for exercises in a program](https://help.macrofactorapp.com/en/articles/293-setting-rir-for-exercises-in-a-program)  
 [Change minimum and maximum reps for exercises in a program](https://help.macrofactorapp.com/en/articles/294-change-minimum-and-maximum-reps-for-exercises-in-a-program)  
  
[Change sets for exercises in a program](https://help.macrofactorapp.com/en/articles/295-change-sets-for-exercises-in-a-program)"
General,What Should I Do if I Cannot Perform an Exercise or Do Not Have the Required Equipment?,https://help.macrofactorapp.com/en/articles/375-what-should-i-do-if-i-cannot-perform-an-exercise-or-do-not-have-the-required-equipment,"If you cannot perform an exercise or do not have the required equipment, you can [swap the exercise](https://help.macrofactorapp.com/en/articles/299-swap-exercises) for a suitable alternative. You can make these changes during program editing or while logging a workout.

After you swap an exercise, [progression](https://help.macrofactorapp.com/en/articles/305-understanding-and-using-smart-progressions) for the new exercise is based on the sets you log for it going forward. This is especially important if you were tracking data for a specific exercise. Once you swap that exercise, new data will no longer be added for it, though you can still view related context, such as moving from a barbell bench press to a dumbbell bench press.

If your equipment access changes, you can also [update or switch gym profiles](https://help.macrofactorapp.com/en/articles/300-set-up-your-gym-profiles) so future programs and recommendations better match what you have available.

## Read next:

Now that you’ve learned about handling exercise or equipment changes, you might enjoy one of these articles next:

[Swap Exercises](https://help.macrofactorapp.com/en/articles/332-swap-exercises)  
[Set Up Your Gym Profiles](https://help.macrofactorapp.com/en/articles/300-set-up-your-gym-profiles)  
[How to Create a Custom Exercise](https://help.macrofactorapp.com/en/articles/328-how-to-create-a-custom-exercise)"
General,What if the App Doesn’t Have an Exercise I’m Looking For?,https://help.macrofactorapp.com/en/articles/376-what-if-the-app-doesn-t-have-an-exercise-i-m-looking-for,"If you cannot find your exercise in the [exercise library](https://help.macrofactorapp.com/en/articles/331-searching-exercises), you can [create a custom exercise](https://help.macrofactorapp.com/en/articles/328-how-to-create-a-custom-exercise). With custom exercises, you can name the movement and choose trackable metrics just like any other exercise, such as reps, weight per side, duration, or distance. Once you start logging sets, the exercise will appear in your performance history like all other exercises.

Additionally, if the exercise you are looking for closely matches an existing exercise, you can also [duplicate that exercise](https://help.macrofactorapp.com/en/articles/386-how-to-duplicate-an-exercise) and make small changes to better match your needs.

## Read next:

Now that you’ve learned about adding custom exercises to the library, you might enjoy one of these articles next:

[Set Up Your Gym Profiles](https://help.macrofactorapp.com/en/articles/300-set-up-your-gym-profiles)  
[How to Create a Custom Exercise](https://help.macrofactorapp.com/en/articles/328-how-to-create-a-custom-exercise)  
[Editing the Settings of an Exercise](https://help.macrofactorapp.com/en/articles/329-editing-the-settings-of-an-exercise)"
General,How Do I Know What Weight to Start With?,https://help.macrofactorapp.com/en/articles/377-how-do-i-know-what-weight-to-start-with,"If you are brand new and have not logged any workouts yet, MacroFactor Workouts does not provide weight recommendations. You will need to choose your own starting weight for each exercise.

A good starting point is a weight that allows you to complete the target reps while matching the suggested [RIR](https://help.macrofactorapp.com/en/articles/385-what-is-rir-and-how-should-i-use-it-during-training) for that set. The exact weight does not need to be perfect, since the app uses your logged sets to learn from your performance. Just start with a conservative weight, and gradually increase the load until the set feels appropriately challenging.

Once you begin logging workouts, MacroFactor Workouts uses the weights, reps, and RIR you log [to adjust recommendations](https://help.macrofactorapp.com/en/articles/305-understanding-and-using-smart-progressions). As more data is collected, your recommendations will become more personalized and updated based on your actual performance.

## Read next:

Now that you’ve learned about choosing starting weights, you might enjoy one of these articles next:

[Understanding and Using Smart Progression](https://help.macrofactorapp.com/en/articles/305-understanding-and-using-smart-progressions)  
[Changing RIR During an Active Logging](https://help.macrofactorapp.com/en/articles/314-changing-rir-during-an-active-workout)  
[What are Myo Reps, Drop Sets, and Failure Sets?](https://help.macrofactorapp.com/en/articles/379-what-are-myo-reps-drop-sets-and-failure-sets)"
General,Can I Log Different Weights or Reps for Each Side of My Body?,https://help.macrofactorapp.com/en/articles/378-can-i-log-different-weights-or-reps-for-each-side-of-my-body,"Yes, MacroFactor Workouts lets you log different weights or reps for each side of your body.

To log each side separately:

1. Go to the **Workout** tab.
2. Open the workout you want to log.
3. Tap the exercise you want to log.
4. In the action bar under the exercise title, tap the **L/R** button.
5. Log the weight and reps for each side separately.

This is useful for unilateral exercises or situations where each side needs different loading. For example, if you are rehabbing a shoulder and need to use a lighter weight on one side, you can log different weights or reps for each arm within the same exercise.

Each side is logged independently, allowing your training data to reflect what you performed.

## Read next:

Now that you’ve learned about logging unilateral exercises, you might enjoy one of these articles next:

[Understanding Bodyweight Contribution](https://help.macrofactorapp.com/en/articles/315-understanding-bodyweight-contribution)  
[Accessing Exercise Options During a Workout](https://help.macrofactorapp.com/en/articles/333-accessing-exercise-options-during-a-workout)  
[Logging Different Types of Sets](https://help.macrofactorapp.com/en/articles/317-logging-different-types-of-sets)"
General,"What Are Myo Sets, Drop Sets, and Failure Sets?",https://help.macrofactorapp.com/en/articles/379-what-are-myo-sets-drop-sets-and-failure-sets,"### **Myo sets**

Sometimes referred to as rest-pause sets, myo reps are a way to perform multiple short bouts of reps with the same weight, separated by brief rest periods. You start with an initial set performed close to your target RIR, then continue with shorter sets after very short rests.

For example, during a cable curl:

* **Starting or activation set:** 60lb × 10 reps (about 1 to 2 RIR).
* **Rest:** 10 to 20 seconds.
* **Round 2:** 60lb × 4 reps.
* **Rest:** 10 to 20 seconds.
* **Round 3:** 60lb × 3 reps.

There are two ways to perform the mini sets following the activation sets. You can either push them to failure (i.e., until you’re confident you couldn’t complete another rep with good technique), or you could aim to complete a predetermined number of reps for as many sets as possible. If you go with the failure option, you’d typically only do two or three mini sets. If you instead aim for a predetermined number of reps in each set, you’d continue doing mini sets until you can no longer perform the predetermined number of reps with good technique. At that point, the myo rep set is complete.

### **Drop sets**

Drop sets involve reducing the weight after completing a set and continuing to perform reps with a lighter load to extend the set.

For example, during a cable curl:

* **Set 1:** 60lb × 10 reps. You reach your limit and cannot complete another clean rep.
* **Drop/reduce the weight.**
* **Round 2:** 50lb × 8 reps.

Some people perform one additional round, while others may perform three or more. Drop sets are usually used on the final set of an exercise, rather than on every set, since that would add a large amount of volume. So, you continue until you can no longer hit the intended reps while staying near your target RIR, at which point the drop set is complete. Aim to minimize the time between mini sets during a drop set, continuing with your reps as soon as you’ve changed the weight.

### **Failure sets**

Failure sets are sets taken to the point where you cannot complete another rep with proper technique. Logging a failure set indicates that the set was performed at an RIR of 0.

Let’s say you’re doing a cable curl.

* **Set 1**: 60lb × 10 reps
* You know you would not be able to complete an 11th rep with proper technique, or
* You attempt an 11th rep but cannot complete it with proper technique, or
* You attempt an 11th rep and fail to complete it at all.

This set would be done and you’d rest and repeat a new set or move to another exercise. 

Overall, these set types exist to support different logging styles and training approaches.

## Read next:

Now that you’ve learned about different set types, you might enjoy one of these articles next:

[Logging Different Types of Sets](https://help.macrofactorapp.com/en/articles/317-logging-different-types-of-sets)  
[Changing RIR During An Active Logging](https://help.macrofactorapp.com/en/articles/314-changing-rir-during-an-active-workout)  
[Accessing Exercise Options During a Workout](https://help.macrofactorapp.com/en/articles/333-accessing-exercise-options-during-a-workout)"
General,Can I Edit or Delete Logged Sets After a Workout?,https://help.macrofactorapp.com/en/articles/380-can-i-edit-or-delete-logged-sets-after-a-workout,"Yes, you can edit or delete logged sets after a workout.

**To edit a set**

1. Go to the **Workout** tab.
2. Under **More**, tap **Workout History**.
3. Scroll to the workout you want to edit, tap it.
4. Under **Workout Details,** next to **Edit Workout**, tap **Edit**.
5. Make any changes needed.
6. Tap the checkmark in the top-right corner to save your changes.
7. You can also edit the training duration from this screen.

**To delete a set**

1. Go to the **Workout** tab.
2. Under **More**, tap **Workout History**.
3. Scroll to the workout with the set you want to delete, tap it.
4. Under **Workout Details,** next to **Edit Workout**, tap **Edit**.
5. Swipe left on the set you want to delete and **tap the remove icon** on the right.
6. This will delete the set instantly.
7. Tap the checkmark in the top-right corner to save your changes.

## Read next:

Now that you’ve learned about editing logged training, you might enjoy one of these articles next:

[Viewing Exercise Performance Over Time](https://help.macrofactorapp.com/en/articles/344-viewing-exercise-performance-over-time)  
[Viewing Sets and Volume Over Time](https://help.macrofactorapp.com/en/articles/343-viewing-sets-and-volume-over-time)  
[Editing the Date or Duration of a Past Workout](https://help.macrofactorapp.com/en/articles/341-editing-the-date-or-duration-of-a-past-workout)"
General,How Does MacroFactor Workouts Integrate With MacroFactor Nutrition?,https://help.macrofactorapp.com/en/articles/381-how-does-macrofactor-workouts-integrate-with-macrofactor-nutrition,"At this time, MacroFactor Workouts and MacroFactor Nutrition operate as separate apps. They do not automatically adjust training based on nutrition data, or nutrition targets based on training data.

That said, the apps are designed to be used together. Many people use MacroFactor Workouts to track training while using MacroFactor Nutrition to manage intake and body weight, then use both sets of information to guide decisions about recovery, performance, and progress. Furthermore, types of data that can be logged in both apps will automatically be shared between apps, including body weight, body circumference measurements, and period data.

In the future, deeper integration between training and nutrition may be explored. Any future integration would be intentional and evidence-based, rather than automatic or reactive. 

## Read next:

Now that you’ve learned how MacroFactor Workouts and Nutrition work together, you might enjoy one of these articles next:

[Export Your Data](https://help.macrofactorapp.com/en/articles/356-export-your-data)  
[Viewing Exercise Performance Over Time](https://help.macrofactorapp.com/en/articles/344-viewing-exercise-performance-over-time)  
[Weight Trend](https://help.macrofactorapp.com/en/articles/278-weight-trend)"
General,What Happens to My Program if I Miss Workouts or Take Time Off?,https://help.macrofactorapp.com/en/articles/382-what-happens-to-my-program-if-i-miss-workouts-or-take-time-off,"If you miss workouts or take time off, your program does not change.

MacroFactor Workouts programs, whether [smart-generated](https://help.macrofactorapp.com/en/articles/285-create-a-new-program-via-smart-generation) or [built from scratch](https://help.macrofactorapp.com/en/articles/286-create-a-new-program-via-build-from-scratch), do not run on a calendar-based schedule. Instead, they use training cycles. You can skip a workout or log rest days if you want to keep training aligned with real time, or you can simply pause logging and pick up where you left off when you return.

When you resume training, MacroFactor Workouts uses your newly logged sets to update recommendations the same way it normally would. If your performance has changed after time off, recommendations may be adjusted to better match your current ability.

You can read more about smart progressions [here.](https://help.macrofactorapp.com/en/articles/305-understanding-and-using-smart-progressions)

## Read next:

Now that you’ve learned about time off from training, you might enjoy one of these articles next:

[Duplicate a Program](https://help.macrofactorapp.com/en/articles/290-duplicate-a-program)  
[Edit or Delete a Workout](https://help.macrofactorapp.com/en/articles/318-edit-or-delete-a-workout)  
[Viewing Past Workouts](https://help.macrofactorapp.com/en/articles/339-viewing-past-workouts)"
General,What Should I Do if I Realize Mid-Workout That I Cannot Perform an Exercise?,https://help.macrofactorapp.com/en/articles/383-what-should-i-do-if-i-realize-mid-workout-that-i-cannot-perform-an-exercise,"If a piece of equipment is unavailable or an exercise does not feel right that day, you can [swap the exercise](https://help.macrofactorapp.com/en/articles/312-swap-exercises) for another option.

**Option 1**

1. Go to the **Workout** tab.
2. Open any program or workout you have created.
3. Scroll to the exercise you want to replace.
4. Tap the three dots on the right side of the exercise, tap **Swap**.
5. Review the smart substitutions shown by the app.
6. Select the exercise you want and tap **Replace**.

If the exercise you would like to replace is not listed under Smart Substitutions, continue with the directions below:

7. If you want a different option, tap **Find Other Replacements** at the bottom.
8. Search for the exercise you want to use instead.
9. Tap the **+** button next to the exercise.
10. Tap **Done** to confirm the swap.

**Option 2**

1. Go to the **Workout** tab.
2. Start a workout.
3. Tap the exercise you want to swap from the top navigation bar.
4. In the action bar, under the exercise title, tap **Swap**.
5. Review the smart substitutions shown by the app.
6. Select the exercise you want and tap **Replace**.

If the exercise you would like to replace is not listed under Smart Substitutions, continue with the directions below:

7. If you want a different option, tap **Find Other Replacements** at the bottom.
8. Search for the exercise you want to use instead.
9. Tap the **+** button next to the exercise.
10. Tap **Done** to confirm the swap.

The new exercise replaces the original one. Note, the progression for the new movement is based on the sets you log going forward.

## Read next:

Now that you’ve learned how to swap exercises, you may want to explore:

[Add or Remove Exercises From a Program](https://help.macrofactorapp.com/en/articles/292-add-or-remove-exercises-from-a-program)  
[Set or Swap Active Programs](https://help.macrofactorapp.com/en/articles/289-set-or-swap-active-programs)  
[Setting RIR for Exercises in a Program](https://help.macrofactorapp.com/en/articles/293-setting-rir-for-exercises-in-a-program)"
General,Can I Backfill Past Workouts To Have Training History?,https://help.macrofactorapp.com/en/articles/384-can-i-backfill-past-workouts-to-have-training-history,"You can backfill workouts by manually logging sessions and setting the workout date to when they actually occurred. Note: While you can backfill workout data, you cannot import data from other workout apps at this time.

A common approach is to:

1. [Create a program](https://help.macrofactorapp.com/en/articles/286-create-a-new-program-via-build-from-scratch) that reflects what you have been training recently.
2. [Log workouts](https://help.macrofactorapp.com/en/articles/310-how-to-log-a-workout) based on memory, notes, or another app.
3. Adjust dates and durations so they reflect when the sessions actually occurred.

Doing this will fill in your performance data and provide quicker insight into your training progress in MacroFactor Workouts.

### **Editing the date or duration of a workout**

**Change the workout date or start time**

1. Go to the **Workout** tab.
2. Under **More**, tap **Workout History**.
3. Open the workout you want to edit.
4. Under **Workout Details**, next to **Start Time**, tap **Edit**.
5. Choose the correct date and time, then tap **Save**.

**Change the workout duration**

1. Go to the **Workout** tab.
2. Under **More**, tap **Workout History**.
3. Open the workout you want to edit.
4. Under **Workout Details**, next to **Duration**, tap **Edit**.
5. Update the workout length, then tap **Save**.

## Read next:

Now that you’ve learned how to backfill workouts, you may want to explore:

[How to Log a Workout](https://help.macrofactorapp.com/en/articles/310-how-to-log-a-workout)  
[Understanding and Using Smart Progressions](https://help.macrofactorapp.com/en/articles/305-understanding-and-using-smart-progressions)  
[Viewing Exercise Performance Over Time](https://help.macrofactorapp.com/en/articles/344-viewing-exercise-performance-over-time)"
General,What is RIR and How Should I Use It During Training?,https://help.macrofactorapp.com/en/articles/385-what-is-rir-and-how-should-i-use-it-during-training,"RIR stands for reps in reserve. It is a simple way to describe how challenging a set felt based on how many additional reps you think you could have completed.

A lower RIR, such as 0–1, means you were very close to your limit.  
A higher RIR, such as 4–6+, means the set felt easier and you had more reps left in reserve.

**How RIR is used in MacroFactor Workouts**

RIR helps the app understand how hard each set actually was, not just how many reps you completed or how much weight you used. This allows recommendations to better reflect your true effort and fatigue over time.   
  
You can read more about smart progression [here](https://help.macrofactorapp.com/en/articles/305-understanding-and-using-smart-progressions).

**Tips for using RIR during training**

When starting a new exercise, it may take a few sessions to dial in accurate RIR estimates. Log your weight and give your best estimate rather than worrying about being exact.

It can take time to learn what true technical failure feels like, so do not get frustrated if you need to work up to heavier loads instead of starting there right away.

If a set feels easier or harder than planned, adjust the next set accordingly. Each workout is an opportunity to refine your targets.

RIR does not need to be perfectly precise. Any reasonable estimate is enough for the system to work well.

**Additional notes about RIR**

Tracking RIR is optional, but it is strongly recommended. It helps the app better account for your current strength levels and how quickly you tend to fatigue. You can learn more about changing RIR during a workout here. 

RIR in MacroFactor Workouts is logged on a scale from 0 to 6+. You do not need to estimate beyond that range. If a set felt very easy, selecting 6+ is sufficient.

## Read next:

Now that you’ve learned how RIR works, you might enjoy one of these articles next:

[Changing RIR During an Active Workout](https://help.macrofactorapp.com/en/articles/314-changing-rir-during-an-active-workout)  
[Understanding and Using Smart Progressions](https://help.macrofactorapp.com/en/articles/305-understanding-and-using-smart-progressions)  
[Why Does the App Sometimes Recommend Lowering Weight or Reps?](https://help.macrofactorapp.com/en/articles/373-why-does-the-app-sometimes-recommend-lowering-weight-or-reps)"
General,Why Am I Being Recommended Very High Reps?,https://help.macrofactorapp.com/en/articles/392-why-am-i-being-recommended-very-high-reps,"Occasionally, MacroFactor Workouts may recommend a much higher number of reps than you expect. This is **not a bug or error**. It happens when the app is working within equipment or loading constraints based on your equipment and smart progression.

When weights are very light, small changes in load represent large relative changes in difficulty. If the next available weight increase would make the set much harder than intended, the app may increase reps instead.

For example:

* Going from 10lb to 15lb is a 50% increase in load.
* Going from 100lb to 105lb is a 5% increase in load.

### **Do you have to do the higher reps?**

No, not necessarily and certainly not if you don’t want to. 

High-rep recommendations are just **one way** you can approach this challenge when load options are limited. Fewer reps at a heavier weight are another way to approach it. 

And remember, Smart Progression is a guide, not a requirement. While they are mathematically derived suggestions based on **your specific** logged performance and available equipment, you can easily choose a heavier load for lower reps. 

**What do I do if I have decided not to follow the high reps?**

**Use a heavier weight and less reps**

If you believe you can complete the target reps while staying near the [programmed RIR](https://help.macrofactorapp.com/en/articles/385-what-is-rir-and-how-should-i-use-it-during-training), you can increase the weight and log what you actually perform. Additionally, your future recommendations will adjust based on that performance.  
  
**Adjust equipment settings**

If your machine or setup allows smaller weight jumps than the default, [update the equipment settings](https://help.macrofactorapp.com/en/articles/390-how-to-change-equipment-settings-to-simplify-weight-recommendations) so the app can recommend more gradual load changes.  
  
**Swap to a similar exercise**

If an exercise has very limited load resolution, you can also [swap it](https://help.macrofactorapp.com/en/articles/299-swap-exercises) for a similar movement that allows smaller weight changes.

In the end, you have several options for handling rep suggestions if they feel higher than you prefer.

## Read next:

Now that you’ve learned why MacroFactor Workouts sometimes recommends very high reps, you might enjoy one of these articles next:

[Understanding and Using Smart Progressions](https://help.macrofactorapp.com/en/articles/305-understanding-and-using-smart-progressions)

[Change Minimum and Maximum Reps for Exercises in a Program](https://help.macrofactorapp.com/en/articles/294-change-minimum-and-maximum-reps-for-exercises-in-a-program)

[Swap Exercises](https://help.macrofactorapp.com/en/articles/299-swap-exercises)"
General,Is it Normal to See Failure Sets or RIR Decreasing Across Sets?,https://help.macrofactorapp.com/en/articles/397-is-it-normal-to-see-failure-sets-or-rir-decreasing-across-sets,"Yes. The generated programs in the app intentionally start with a harder set (sometimes close to failure) and then move to sets with higher RIR.

This structure has several practical benefits, but two reasons tend to be the most important regarding the app. 

**1. It gives you a clearer RIR anchor**

To get the best results from [RIR-based programming](https://help.macrofactorapp.com/en/articles/385-what-is-rir-and-how-should-i-use-it-during-training), it helps to have a good sense of what failure actually feels like. Many people have not spent much time pushing sets to true failure or evaluating how close their working sets are to that point.

Without that reference point, it can be harder to judge what a true 2 RIR or 3 RIR feels like. Starting with a harder set helps establish that anchor so later RIR ratings are easier to estimate.

Note: When we refer to working sets, this assumes you have already completed your warm-ups. For larger compound movements, such as deadlifts or squats, warming up with lighter weights before your working sets is recommended.

**2. It helps the app track effort and progress more effectively**

This ties in with the first but[Smart Progression](https://help.macrofactorapp.com/en/articles/305-understanding-and-using-smart-progressions) relies on the performance data you log. If RIR estimates are consistently off, the recommendations that follow may also drift away from what would work best for you. That improves the quality of the data the app receives, which helps Smart Progression make better recommendations over time.

That said, this is not the only valid way to structure a workout. Current research does not suggest that placing a failure set first versus last meaningfully changes hypertrophy or strength outcomes, as long as overall effort and volume are similar. 

Therefore, if this structure does not match your training preferences, you can adjust the [RIR targets](https://help.macrofactorapp.com/en/articles/293-setting-rir-for-exercises-in-a-program) in your program and still benefit from Smart Progression.

## Read next:

Now that you understand why sets may start with lower RIR, you might enjoy one of these articles next:

[What is RIR and How Should I Use it During Training?](https://help.macrofactorapp.com/en/articles/385-what-is-rir-and-how-should-i-use-it-during-training)

[How Can I Customize Periodization (RIR, reps, and sets) for Exercises in my Program?](https://help.macrofactorapp.com/en/articles/389-how-can-i-customize-periodization-rir-reps-and-sets-for-the-exercises-in-my-program)

[What Does the Smart Progression Wand Mean?](https://help.macrofactorapp.com/en/articles/391-what-does-the-smart-progression-wand-mean)"
